COD_CLIENTE,NOMBRE,NIT,TELEFONO,DIRECCION
1,Rickie Greengrass,42643691,49925161,796 5th Plaza
2,Halsey Ferruzzi,88828050,66785792,6 Tony Alley
3,Cora Tatlock,55055045,68606773,85 Mitchell Hill
4,Zack Skermer,31191974,68530009,27301 Columbus Lane
5,Alwin Primrose,92042982,71021364,726 Donald Road
6,Brandy Hosten,43627776,62412566,194 Pine View Way
7,Ilsa Vlies,69167515,32071363,59423 Jana Parkway
8,Olive Groucutt,84942244,22566461,3123 Petterle Hill
9,Consuela Kaaskooper,78200831,45778394,1810 Carioca Court
10,Christy Jeffers,36140619,59687793,51373 Heath Court
11,Verna De Santos,16501548,51924628,4 Pond Drive
12,Jacintha Mossbee,82951827,25174057,93077 Manufacturers Junction
13,Eugenio Maytom,80994933,75040965,0688 Arapahoe Park
14,Eloise Epsley,98821474,46213593,41745 Fisk Court
15,Iver Nerheny,19523510,72241149,5 Grayhawk Parkway
16,Karena MacAughtrie,70969722,77292880,04232 Browning Pass
17,Jobye Beedie,65640268,58411618,30972 Grayhawk Center
18,Kristel Yeoland,40359691,45253932,52041 Mendota Way
19,Lynda Winship,74597892,58250163,2132 Mifflin Avenue
20,Sim Killough,76134713,48246794,805 Clyde Gallagher Circle
21,Fanchon Filyushkin,99559670,51510576,74 Briar Crest Junction
22,Wash Blazi,90434972,25957459,5062 Victoria Road
23,Moishe Shermore,91795053,69951662,18870 Aberg Lane
24,Maryann Rintoul,77584414,63463373,2 3rd Street
25,Miof mela Grisard,15471760,71930350,40697 Pennsylvania Trail
26,Clayton O'Donnell,83706345,76175293,1511 Everett Court
27,Wilhelm Pezey,80335424,39281700,4 Valley Edge Center
28,Lurlene Godly,51722802,74411761,12852 Reindahl Avenue
29,Thomasine Osbourn,91407497,39129623,1201 Golden Leaf Street
30,Annie Bartolomeoni,82168351,71078821,015 Mccormick Way
31,Estevan Minithorpe,62599679,73711365,9 Oak Place
32,Avrit O'Spillane,87354305,56324776,7048 Steensland Way
33,Abbey McKinlay,32440978,24729816,54653 Summit Alley
34,Dione Bosence,50032378,71051063,0 Everett Center
35,Kent Babinski,67804720,43799698,3 Karstens Center
36,Kay Ruppertz,47532667,49057138,998 Gateway Avenue
37,Bowie Godbolt,59661380,51691806,411 Wayridge Plaza
38,Gareth Melesk,36346087,24099782,87219 Barby Point
39,Garold Macieiczyk,28985210,38771360,29 Sugar Alley
40,Egan Bugdall,82290027,77012867,220 Sycamore Place
41,Alair Bathersby,18108730,67528182,94031 Harper Drive
42,Eric Truse,22153142,64376522,18 Bonner Point
43,Miguela Allbrook,68288002,25381526,77 Vermont Plaza
44,Marc Ducarne,65037787,36194348,951 Vernon Center
45,Noby Janus,89229639,26120858,6721 Welch Crossing
46,Anitra Glen,15920872,24860750,898 Kingsford Park
47,Mehetabel Marciek,83717518,53748133,1136 Esker Junction
48,Norman Isaksson,20653871,30865867,9258 Gulseth Trail
49,Ashil Harbach,43657763,53699234,8 Burning Wood Park
50,Wiley Seabright,56897001,65467821,2 Susan Avenue
51,Stafford Wollen,65417016,47655492,55 Beilfuss Pass
52,Lenette Grayshon,58153875,63060032,152 Carberry Junction
53,Trudy Gristwood,99144906,41083150,68227 Pepper Wood Lane
54,Buddie Quillinane,18323677,67944323,81450 Debs Trail
55,Wilmer Baverstock,95634748,73119824,69 Kingsford Alley
56,Maudie Putman,73840990,66352842,8674 Hazelcrest Way
57,Ida Guilford,38051724,33597630,5109 Orin Trail
58,Dyanna Norvill,48137693,39001924,435 Old Shore Junction
59,Darcy Fitzsymonds,11871750,24227141,58016 Springs Terrace
60,Dall Aujean,84384669,57251501,98646 Rockefeller Circle
61,Vaughn Siehard,62606239,41916513,912 Hanson Place
62,Desi Gribbon,63364812,73919567,79 Muir Avenue
63,Tricia Demchen,33076916,64835789,87 Gale Pass
64,Rivy Cousans,48836446,56714326,0236 Prairieview Plaza
65,Jacky Butterfint,28043035,44018507,13 Alpine Avenue
66,Orion Velasquez,36504534,77285827,84 Hoffman Crossing
67,Helga Braunes,94394338,43017948,70713 Petterle Plaza
68,Dilan Mouncher,35973935,35449346,1267 Miller Terrace
69,Claudetta Wemyss,48104980,63406722,612 American Plaza
70,Sascha Hardie,28745151,64826190,62676 Welch Hill
71,Renado Swatheridge,40634966,32966916,62 Drewry Place
72,Jillene Barriball,88936916,64501999,71 Springs Court
73,Nikkie Blune,71983472,68245066,29352 Florence Crossing
74,Ofelia Darker,57283670,26382336,21113 Emmet Drive
75,Steward Hawkeswood,37796405,74643997,2 Arkansas Place
76,Feliza Jados,77307125,63994132,0062 Hollow Ridge Plaza
77,Marcie Backman,25609785,66028169,6817 Barby Crossing
78,Cecilius Dudding,19564625,28229849,8 6th Parkway
79,Peta Vuitte,83337493,37774937,35 Derek Street
80,Akim Standen,80264256,71476555,6 Havey Point
81,Emmye Yates,57627204,70540268,66 Hollow Ridge Pass
82,Sutton Peek,64763631,35027052,946 Messerschmidt Plaza
83,Tobi Bursnell,23749504,58317071,77 Russell Avenue
84,Judie O'Shirine,14901511,75631408,459 Welch Crossing
85,Devland O'Loinn,47938645,61373061,780 Orin Parkway
86,Sharlene Hallaways,22987090,45265193,00 Prairieview Center
87,Lionello Gorges,85279785,36461502,7436 Bellgrove Park
88,Coriss Frift,99667894,37027022,7779 Scott Road
89,Eward Richel,26338887,33741919,21952 Northridge Lane
90,Fleurette Essex,64543061,22306252,942 Oxford Alley
91,Marilin Raiston,76615971,23501084,92 Lerdahl Place
92,Thomasina Keel,43557644,36100197,72 Del Sol Lane
93,Chandal McGrey,11770115,36872983,82063 Alpine Drive
94,Maximilien d' Elboux,33642352,31490540,11 Sunbrook Point
95,Adrien MacGraith,11882667,77187054,14 Loeprich Hill
96,Kelly Jakubovsky,78239604,77598414,01 Delladonna Alley
97,Andonis Davidovitz,83836878,70255669,61 Russell Crossing
98,Forest Scholes,61966590,29469950,6303 Anniversary Center
99,Adolf Carefull,72440293,64034246,98 Reindahl Alley
100,Dorene Tabourel,41811829,41808754,629 Comanche Place
101,Patsy Connichie,44498242,58626461,9486 Atwood Hill
102,Sacha Maunton,62469573,74971935,93 Anhalt Drive
103,Kerri McLanaghan,56318474,62639202,15 Eastlawn Court
104,Kin Featherston,15729895,62430982,6 Judy Hill
105,Isaac Corkett,98077683,63222098,239 Sunbrook Center
106,Deloria Crombie,49060144,32973187,2 Parkside Place
107,Sheilah Benditt,15898542,75038864,658 Blue Bill Park Avenue
108,Joane Dable,45975233,23459953,2174 Orin Crossing
109,Roderich Songer,65339103,44741363,61 Colorado Hill
110,Prinz Bravey,99603626,30821677,42481 Manufacturers Hill
111,Cybill Becken,24032206,66000307,322 Walton Junction
112,Hamel Curado,35901529,44853132,87449 Clove Trail
113,Selby Grene,82302437,49629044,88 Meadow Vale Street
114,Simone Airdrie,92420705,48705625,497 Rockefeller Trail
115,Bridgette Pethrick,38122264,70740074,267 Hazelcrest Court
116,Zenia Braunthal,71522230,41770698,872 Cody Street
117,Corby Cashell,30663066,55189541,298 Waxwing Park
118,Pail Bartoszewski,26111675,69961510,148 Petterle Court
119,Valry Lowden,68665777,23150279,535 Monterey Drive
120,Ludovico Devoy,92355479,42390241,0 Aberg Terrace
121,Tarah Morl,53856434,68351215,6638 Upham Junction
122,Joeann Dauncey,29278906,45292906,7128 Del Mar Junction
123,Rodie Guthrum,51629231,62837327,22 Crescent Oaks Lane
124,Ines Tapp,64849077,25424988,0 Sundown Court
125,Janna Kleint,63402185,60336724,667 Claremont Avenue
126,Ed Millmore,44094622,74861642,51775 Melvin Terrace
127,Milton Jerred,83540522,52083703,634 Bunting Road
128,Gwyneth Liddon,25463743,24960502,74883 Texas Terrace
129,Keir O'Sheerin,50293487,38477921,94793 Merchant Terrace
130,Nick MacAfee,92566045,29730074,7 Hooker Junction
131,Stacey Cobello,96238879,41063281,7 Alpine Terrace
132,Harli Radband,70533921,68420023,7 Pleasure Trail
133,Etta Vallery,50691205,30302552,9 Eggendart Road
134,Jandy Pawley,64105739,75469338,565 Sunnyside Point
135,Flori Ringrose,46451499,41241397,7887 Waywood Point
136,Mona Tellesson,43424221,59394619,80 Fulton Place
137,Zack Puddefoot,91322419,32043587,81903 Haas Drive
138,Chic Hornbuckle,54236077,54872055,549 Mallard Circle
139,North Dressel,44951624,55643729,3430 Killdeer Center
140,Alexander Banville,90402885,47585269,75184 Killdeer Center
141,Noach Conti,60580890,42770260,8558 Hagan Crossing
142,Dolorita Dillistone,74337180,62911419,7 Eastlawn Alley
143,Hyacinthe Sturrock,89024414,66095485,9 Johnson Alley
144,Reamonn Ludovico,62602802,53451012,97860 Shoshone Alley
145,Kally Tollady,15381311,55169414,1 Pawling Alley
146,Sandy Richarz,49674045,61720598,2421 Hermina Street
147,Sharity Toderbrugge,62225180,27848056,178 Merchant Plaza
148,Antoinette Kingswoode,42925428,33130128,030 Tony Trail
149,Margaretta Hintzer,78553392,52824079,113 Dapin Trail
150,Gwyn Amberg,39225221,50164945,384 Oxford Place
151,Almeda Thurlborn,74990801,72748804,3412 Esch Road
152,Lennie Iacovolo,88695712,27802229,59 Nevada Point
153,Ricky Culp,70089785,38298858,679 Brentwood Plaza
154,Olia Oliva,53424870,70564976,3 Armistice Circle
155,Bel Verbeek,58608250,41554131,9 Pepper Wood Way
156,Sofia Snadden,52106087,64219383,725 Barnett Parkway
157,Gerome Whistance,88538946,53387162,2 Center Street
158,Arne Iwanowicz,17527720,34563585,531 Division Place
159,Liz Kyston,63559340,73292991,6 Eastwood Hill
160,Zacharie Piccop,81906014,32476893,27321 Crownhardt Trail
161,Annalise Lippini,18692932,24912037,9893 Mesta Junction
162,Broddy Tilberry,34065636,44002456,9 Shelley Pass
163,Maia Greville,20824028,30767039,45 Hansons Place
164,Florri Tointon,76026150,46608963,37330 Center Lane
165,Friedrick Spaughton,12413552,48359799,7 Holy Cross Alley
166,Dorolisa Linnemann,57609490,71453267,82 Northview Way
167,Alene Presho,32462040,69521299,11 Roth Crossing
168,Ermentrude Petrov,81127729,67030300,6 Annamark Junction
169,Aldridge Brastead,68962431,42077088,4905 Fallview Terrace
170,Kathryne Eilers,79660064,43496072,71 Truax Plaza
171,Heinrick Towlson,54434436,49377423,7604 Mandrake Road
172,Jeniece Menezes,70371877,49619580,941 Independence Park
173,Zeke Mellows,67940105,25608218,25503 Fuller Trail
174,Gonzalo O'Hannigan,77780976,32207593,5422 Cody Hill
175,Chiquita Sarvar,27384440,64522099,383 Bobwhite Point
176,Olivie McKmurrie,95473535,24659586,3 Gina Crossing
177,Griffith Maureen,91251801,22500857,03 Elka Way
178,Peggi Watmore,62439421,71375053,33 Veith Point
179,Lisa Doxey,62455009,70438283,06926 Dakota Pass
180,Desiree Cecchetelli,79461422,60111491,4847 Moose Crossing
181,Lori Antonik,40711976,34512447,453 Bashford Way
182,Laughton Glamart,50607417,53165513,852 Randy Terrace
183,Lissa Craufurd,81433045,25088619,4490 Atwood Drive
184,Demetri Sibbson,65016502,36524251,3 Shoshone Trail
185,Augusta McArdle,17895395,72697860,03159 Badeau Road
186,Nataline Ciobotaru,55090099,45039474,390 Atwood Park
187,Marty Poel,27584087,54739949,79 Troy Drive
188,Micheal Mapowder,35506665,65107194,2 Lighthouse Bay Alley
189,Lorain Bradnick,20151161,74463836,023 Gina Park
190,Quintin Meir,42402566,51766669,35476 Vernon Lane
191,Rora Collyer,58397068,25233018,395 Redwing Avenue
192,Manny Cripin,65054156,30717570,23 Kingsford Junction
193,Gracia Janik,31778638,42346205,40330 Petterle Street
194,Cathyleen Toplin,28753732,32654061,8027 Esch Lane
195,Bab Tremblay,30779070,29417504,511 Maryland Circle
196,Arly Humble,21960245,45613521,421 Dapin Hill
197,Malina Eagell,43737863,41754647,75 Sheridan Place
198,Greg Pinnocke,46887022,46371996,9 Ohio Way
199,Francine Millett,55160753,40169294,18847 Wayridge Pass
200,Eduard Bennetts,48077102,68554337,5306 Grayhawk Hill
201,Harrie MacGovern,87589741,54017716,0096 Sutteridge Terrace
202,Abagail Melesk,92027248,45241690,6538 Sycamore Center
203,Ravid Piken,38143479,32051288,17746 Helena Avenue
204,Cele Stanfield,70695986,35248852,986 Susan Plaza
205,Susanetta Kalinsky,84788261,47584201,00192 Graedel Place
206,Leoline Snarr,35480640,66624998,77400 Welch Plaza
207,Isidore Chapling,40564736,71160256,76476 Heffernan Center
208,Noreen Dellit,21039027,73251160,01205 Ridgeview Street
209,Briana Chapellow,70635478,42328637,77133 Lighthouse Bay Court
210,Tory Silber,59063964,53106305,41 Kedzie Trail
211,Myra Hattoe,70659037,40366106,145 West Avenue
212,Vincenz Howick,95127594,55508356,063 Charing Cross Court
213,Christabel Scarce,97072928,26880171,11 Hauk Alley
214,Hilliary Dobkin,63091433,60595936,031 3rd Parkway
215,Roxine Muffen,32715811,64503761,53 Hollow Ridge Plaza
216,Kent Kermon,94060667,75357333,71957 Dakota Street
217,Hannis Fyldes,95832363,70602738,4 Clyde Gallagher Road
218,Sibylla Jansky,62898041,71665932,9 Green Junction
219,Miriam Hartil,48745575,53137221,077 Moland Place
220,Ibbie Abreheart,66093358,71508490,4 Esker Avenue
221,Maddy Philipart,46259493,74558050,5 Toban Trail
222,Maddie Gouldie,17428623,54965262,1112 Cottonwood Avenue
223,Marcelo Timperley,82278021,69928163,19 Granby Alley
224,Ingar Loren,63112823,73928206,51 Towne Street
225,Felix Le Clercq,40125307,55511394,471 Magdeline Circle
226,Tobie Rayhill,50060003,57629402,04 Messerschmidt Parkway
227,Jori Spollen,69045072,28718362,273 Delaware Trail
228,Garvey Goodwins,68587743,32122786,96 Hauk Plaza
229,Hillier Pirot,42182861,67426520,11553 Mayer Parkway
230,Carolynn Perigeaux,67220658,62436412,1882 Clyde Gallagher Plaza
231,Marcello Boanas,12510277,42230520,9 Ryan Trail
232,Paulie Perutto,96550928,64288177,17 Golf View Avenue
233,Hillary Gallemore,13980151,32527317,948 Crest Line Way
234,Mikkel Pitrelli,32014018,60301459,40 Rutledge Street
235,Donny Garnsworth,75172105,23225997,9932 Sauthoff Road
236,Marline Yonnie,86022942,40629177,1 Waywood Place
237,Sybyl Ennion,65675856,48284363,73759 Hermina Lane
238,Atalanta Cozby,31856136,54306329,040 Homewood Avenue
239,Margo Crole,97288754,57073908,164 Dunning Alley
240,Nerty Whyman,81846000,27486488,60 Hauk Hill
241,Jsandye Teggart,24318905,23437128,1 Sloan Pass
242,Marline Ors,49814863,48206691,71298 Nevada Plaza
243,Sunshine Jagson,12296453,26810439,5 Stoughton Avenue
244,Cissy Neve,32642237,50711273,8777 Thierer Court
245,Brynna Rissen,39489097,60611338,1068 Dakota Court
246,Werner Lalonde,40297249,51075420,66555 Morrow Circle
247,Debbi Wrench,79874621,48344220,89869 Annamark Place
248,Smith Kupis,54952118,68582884,953 Washington Lane
249,Gothart Juggings,85739806,33115498,4 Truax Terrace
250,Janice Fasse,39307070,25212222,49 Transport Crossing
251,Adamo O' Dornan,50647572,27430261,7229 Portage Court
252,Decca Faucett,23303967,67191674,2236 Del Sol Crossing
253,Dominik Orgel,77745149,51549552,96 4th Park
254,Darcie Padefield,95316651,27517489,9509 Pleasure Crossing
255,Oneida Benbough,20026551,53286199,825 Arrowood Circle
256,Fabe Timpany,25811083,52998552,983 Laurel Trail
257,Yuri Henriet,87328267,55073397,12633 Northridge Road
258,Korry Blodget,61976352,51428134,9 Montana Terrace
259,Janeczka Jirek,13091060,42977400,46492 Express Drive
260,Magdalen Sorley,65996100,41552893,29410 Anthes Plaza
261,Marita Bernardon,41119837,50567565,88554 Kingsford Parkway
262,Enrika Justice,71048505,28369297,6 Weeping Birch Junction
263,Enrichetta Coltherd,48821931,76399739,2 Dapin Pass
264,Doreen McCourtie,79353512,72019500,84612 John Wall Avenue
265,Wolfie Wightman,76642431,44893152,14856 Scott Terrace
266,Nap Norfolk,86313315,62892608,90 Raven Park
267,Hildagard Looney,98356516,38278892,7114 Sachtjen Plaza
268,See Budgey,14264358,76591809,6 Heath Court
269,Gaye Hovey,95153975,63268279,2 Sherman Road
270,Charissa McCathie,63593865,36328676,00 New Castle Way
271,Adlai Cases,83683811,75381052,02133 La Follette Road
272,Alfie Yakubovich,71538019,25578222,386 Artisan Plaza
273,Cassy Khan,13323777,62035940,10510 Weeping Birch Parkway
274,Amerigo Dayly,60181072,69452595,51912 Old Gate Street
275,Clara Leving,51772332,22603558,87279 Muir Center
276,Terri Witherbed,49414371,75680519,17543 Continental Avenue
277,Shir Sisley,49691196,31130793,71986 Mallard Court
278,Gale Kibbel,14920555,39001586,5 Dapin Pass
279,Wallis Cuss,91897190,32700615,8 Vermont Drive
280,Gaylene Wrightson,36034069,53863324,54 Mayfield Crossing
281,Stacia Gonzalo,89664570,53536405,3 Lunder Road
282,Greta Weatherell,53311510,40521916,78408 Green Ridge Lane
283,Jermayne Cardow,91712710,70369416,53227 Dayton Street
284,Theodore Howard,67905616,67540190,95 Summit Hill
285,Rudolfo Oaker,93126432,59063365,25168 Corscot Avenue
286,Philbert Scroyton,54789960,67432630,42 Logan Circle
287,Sophronia Gribbon,56024704,42061430,89570 Everett Drive
288,Cybil Alcalde,87619914,58611581,14 Birchwood Trail
289,Hally Mewha,58314680,70488542,502 Canary Lane
290,Edythe Doog,86079539,48274873,1 Melody Road
291,Lew Tennant,32297801,71187701,29120 Alpine Place
292,Eudora Gartin,28341534,38667416,48856 6th Junction
293,Alexi Bootyman,24560340,22817114,74 Sunfield Court
294,Jacinta Seldner,40277876,31506221,39 Jay Alley
295,Vinnie Dawtry,90156150,62249905,8838 Lillian Way
296,Cinda Darque,58850504,73829235,50 Pepper Wood Street
297,Noah Leith,53961572,75378809,036 Michigan Way
298,Pauly Lidgley,49226055,33372673,2 Acker Junction
299,Charmine Henryson,42440878,47522357,0347 Waxwing Plaza
300,Calli Spring,85887304,52823680,073 Westridge Parkway
301,Ichabod Tiesman,28264635,23017174,761 Rieder Place
302,Lucila Mullarkey,51671387,65460960,3 Holy Cross Junction
303,Risa Klemps,40640825,53402153,48644 Sunfield Point
304,Debby Stanton,88320427,56569240,68665 Maple Wood Place
305,Alejandra Duinbleton,34328585,36245838,558 Killdeer Crossing
306,Salomone de Wilde,89132586,31716948,2667 6th Crossing
307,Laney O'Shaughnessy,95995581,69549252,6254 Tomscot Place
308,Axel Crawley,77119843,73270346,91993 Brentwood Road
309,Vivyanne Rowcastle,66580040,54448247,3590 Cordelia Court
310,Olympe Rizzotto,63448285,73015862,00 Rigney Hill
311,Nata Got,22676688,39740288,57 Northwestern Trail
312,Lindsey Corrington,90081580,73967213,432 Hallows Crossing
313,Marga Vaughn,42266917,39199204,03180 Kingsford Lane
314,Tracee Hartington,45689184,32302869,2 Mcbride Road
315,Renaud Mitchelson,70226123,50837301,74 Mallory Pass
316,Pyotr Beamond,14712708,23688554,70431 Fuller Circle
317,Cally McEneny,97433939,55032173,690 Independence Place
318,Oralle Bronot,93969945,37223141,7 Haas Avenue
319,Lenette Tolson,99856576,24590600,7 Kipling Alley
320,Teresita Haymes,33424172,46423027,93 Lukken Place
321,Averyl Barense,33884872,29222369,58776 Oak Plaza
322,Kale Breton,29988117,74131403,9 Mesta Trail
323,Butch Wrettum,87907886,35631699,9 Dexter Drive
324,Alexio Alven,30414066,36183518,69 Morrow Alley
325,Trstram Spoure,25714766,47329493,743 Lotheville Lane
326,Purcell St. Ledger,85710310,43084975,33109 Coolidge Street
327,Hoebart Kuzemka,48767154,52356171,07 Pleasure Park
328,Lindi Ebbetts,63024074,37920373,87 Vidon Park
329,Averill Niset,58504371,43354809,50 Derek Junction
330,Nikos Ricciardiello,31445379,53928816,58 Bayside Way
331,Elsinore Gommes,96681189,58931900,3623 Morning Lane
332,Kimball Loftus,17790793,77985017,063 Carey Junction
333,Melinda McColgan,50088166,59721939,92 Lyons Pass
334,Adara Edleston,34767139,39731760,1 Cascade Terrace
335,Maisey Frensche,49519661,29074220,86799 Ramsey Terrace
336,Welby Piel,42430838,61760683,6792 Summerview Road
337,Birk Mithan,84810885,59661082,9 Sherman Drive
338,Jerrilyn Van Castele,19924874,59106732,851 Havey Center
339,Emilie Kemwall,94200219,55498601,5 Tony Pass
340,Flora Thurby,97771370,44483657,323 Fisk Trail
341,Demetris Yeldon,88700219,33395448,08 Donald Drive
342,Gill McRae,82433806,71710311,5 Jenna Trail
343,Corrina Santoro,38513339,42725849,1963 Kropf Lane
344,Jermaine Chave,26820948,39341157,57398 School Place
345,Celle Bindon,97630804,63382625,89693 Nevada Terrace
346,Catarina Carswell,79985894,34967380,8 Carioca Place
347,Rory Emburey,36187902,33795993,83944 Gina Hill
348,Marc Calf,90896486,35915956,5482 Starling Center
349,Forbes McGiff,38946827,27865511,10668 Spaight Park
350,Tess Gennrich,43601250,70689315,3 Hazelcrest Park
351,Joyan Boatright,85284230,56790917,086 Shasta Lane
352,Adelaida Precious,62667849,34671404,821 Memorial Point
353,Meaghan Gair,65087883,77605519,73983 Leroy Drive
354,Hobey Cheek,88020374,62403839,0 Gateway Plaza
355,Denver Cullingford,25951889,44031572,88475 Warbler Point
356,Constantino Yes,30423463,62148320,3 Fulton Way
357,Berthe Dare,70195162,73491611,381 Hoffman Court
358,Feodora Caseri,48656711,49291165,68 Gerald Road
359,Pearle Kildea,85090445,73948258,58585 Barnett Drive
360,Huey Scantlebury,95995716,39772898,872 Waywood Way
361,Ganny Geraudy,96114487,25728799,37819 Maryland Drive
362,Edlin Skettles,59795547,53964187,34 Waubesa Hill
363,Meyer Goodered,26789931,76080214,9950 Basil Street
364,Ethelyn Steanson,13132806,24927831,12968 Reindahl Point
365,Bord Shone,21685805,69154163,1 Alpine Drive
366,Tiler Bugg,47927850,70244764,684 Clarendon Way
367,Zarah Ficken,22036337,34627602,782 Barby Center
368,Ekaterina Pocknoll,66909273,34387027,75586 Bartelt Parkway
369,Chad Thorby,78714322,75910738,7328 5th Place
370,Corry Barnewille,18877619,77809142,08 Shopko Crossing
371,Pammi Dignam,79261837,66136065,241 Green Ridge Hill
372,Tiffi Luggar,91046959,63589691,3 Sullivan Park
373,Jaquith D'Antuoni,84535922,31007124,0676 Merchant Trail
374,Wolfy Blasl,85509421,32030202,5594 Dixon Alley
375,Nancey Maddams,69955260,52546786,96 Hudson Pass
376,Winona Titmuss,91633941,39188548,5815 Fallview Lane
377,Raff Dowtry,56289829,23991088,533 Bultman Lane
378,Viki Garside,77090131,61422267,1259 Gulseth Center
379,Aida Lyall,33691854,26474758,2820 Bluejay Lane
380,Gan Howell,43174200,71969095,9823 Muir Pass
381,Darby Finden,52588018,68357859,4449 Mifflin Way
382,Jayme Docharty,24647081,68456308,049 Anzinger Circle
383,Marcela Mosley,69067704,54829666,65 Carpenter Junction
384,Mirabelle Hryskiewicz,90555603,56159483,92 Golf Course Plaza
385,Rubie Casarini,98307867,60325670,632 Hoard Point
386,Bronnie Whall,75107571,55149469,99 Montana Plaza
387,Rabbi Morat,25024501,35917046,970 Clemons Trail
388,Katuscha Sydney,54529422,65661057,3 Paget Terrace
389,Daryl Romaynes,89504389,55200773,87572 Nancy Court
390,Nerti Aherne,79868583,73820869,18 Weeping Birch Circle
391,Allyn Jimpson,31755230,26620462,156 Di Loreto Pass
392,Maureen Arnson,52003989,59646107,92221 Waxwing Pass
393,Cassie Christofe,84351919,54923565,01171 Dexter Lane
394,Karel Philliphs,76562980,42492519,328 Bunting Crossing
395,Ebba Arnison,31667655,32429882,75 Welch Pass
396,Raynell Suller,96660246,41158289,59 Drewry Circle
397,Georgine Rablan,36486308,69616029,716 Toban Road
398,Toiboid Soppit,76889940,46871330,4494 Pankratz Court
399,Elisabet Wrathmall,49168490,72050952,2 Troy Parkway
400,Leanna Hartford,61846693,51248356,7 Hovde Circle
401,Terza Haythorn,61914131,69163759,3 Manufacturers Place
402,Rubina Vears,68192233,35677211,56500 Grim Place
403,Natasha Sandall,31305561,64026409,04428 Dixon Park
404,Timothea Norvell,11764610,61640456,14100 Miller Alley
405,Rufe Sheridan,62269357,65630343,5 Hintze Point
406,Kiri Gehrtz,19912297,76009795,8 Kensington Alley
407,Wayne Shippard,69649452,34516040,80492 Welch Road
408,Addie Rawls,74290834,44270545,0 Macpherson Hill
409,Ailsun Siegertsz,83789347,66641792,5 Loeprich Crossing
410,Jessey Brave,46893190,50032024,11 Rusk Hill
411,Sergent Donnan,54304463,44301803,4 Badeau Junction
412,Niko Adamski,62638921,63785721,6 Jackson Junction
413,Dre Stonham,29948013,39221593,667 Luster Junction
414,Kearney Grinnell,62009683,30978200,39 Vera Pass
415,Hannie Ham,63357047,31778601,59793 Delaware Drive
416,Berky Swafield,92331912,55272428,9599 Green Ridge Drive
417,Antonin Thaim,76481473,62337733,7640 Dryden Hill
418,Eva McGinley,38922659,49128346,56453 Stuart Parkway
419,Nolana Calderon,64595530,46933770,6973 Alpine Plaza
420,Boy Druce,67729262,71762770,024 Nobel Hill
421,Ruthanne Flear,37459203,47110766,1013 Hooker Way
422,Tuckie Ramsted,34328479,29440388,129 1st Terrace
423,Barbie Bedome,63279525,76546929,9513 Tennyson Terrace
424,Vaughn Renbold,53927676,40933700,0631 2nd Plaza
425,Susanna Golt,46909862,25733450,5 Rieder Pass
426,Kevan Tanby,90356056,44430540,35 Londonderry Trail
427,Kristian Cargill,59383945,68365933,5960 Crownhardt Drive
428,Del Karpol,93726281,42441933,0 Debs Alley
429,Ximenez MacTrustam,79610957,24935179,95322 Macpherson Center
430,Pablo Amies,84756712,72294487,0 Park Meadow Street
431,Gae Tidbury,89749156,35642985,91 Ridgeview Road
432,Rory Mac Geaney,58264209,25376918,1 Kennedy Way
433,Torre Thorius,71516149,55529746,8 Del Mar Hill
434,Nelli Sallier,21493493,68554240,4 Bay Junction
435,Irita Dudenie,27628762,59845282,6178 Waubesa Avenue
436,Franciska Bridgland,40284839,66947014,1 Dixon Crossing
437,Innis Gonet,38526819,60704588,73851 Moose Circle
438,Benny Blum,86728417,37420995,39117 Troy Hill
439,Robinet Griston,84067898,34014293,924 Bonner Way
440,Channa Demangel,80031197,32942257,80738 Graceland Circle
441,Neils Daingerfield,77309301,39010421,40614 Green Trail
442,Rivalee Leyman,32610245,25709563,8 Holy Cross Pass
443,Verna Le Ball,25057187,35884065,75197 Del Sol Place
444,Shirley Askham,17909052,26134550,10 Armistice Center
445,Blithe Robison,84019611,58599574,890 Laurel Drive
446,Gleda Foster-Smith,48004100,51178636,48 Starling Road
447,Loretta Reichelt,28756024,66742888,18387 Maywood Avenue
448,Mervin McCauley,42309232,23047944,56 Esch Plaza
449,Flem Dillingston,17851624,34898944,1 Declaration Center
450,Laurice Osboldstone,36054646,32215531,67670 North Pass
451,Matthew Osban,87251590,74379545,0 Novick Pass
452,Angil Lorenzetto,34999360,68959219,923 Burning Wood Way
453,Danila Flecknoe,89117461,48199680,88 Ruskin Alley
454,Maximo Gallico,50478525,31768257,1 Northfield Alley
455,Brandie Henaughan,15357861,60700032,04 Hoard Plaza
456,Lotty Piccard,38470861,57355376,7400 Colorado Hill
457,Pearce Dowyer,49939915,29901896,2142 Lunder Terrace
458,Mirilla Tredwell,14982678,71487692,9 Morning Drive
459,Camila Huniwall,38865599,44723025,5 Center Junction
460,Pippy Katt,79041392,62528415,182 Kedzie Road
461,Jeffrey Redholls,58786980,68637108,7201 Dexter Parkway
462,Cy Pavlasek,76964132,35671229,30958 North Point
463,Genevra Manus,54843849,29379925,6407 Dunning Center
464,Prince Posten,73965118,36942941,8 Sheridan Street
465,Wenona Tokley,79084866,30233978,1 Lerdahl Place
466,Chickie Stebles,45154262,58103446,3770 Bashford Park
467,Eugine Mournian,15872467,27523403,4657 Manley Pass
468,Lou Jesteco,92633682,61740574,8 Center Hill
469,Danya Queenborough,61725530,25228107,94 Rowland Drive
470,Brandy Wanless,14929513,24617285,37 Banding Place
471,Jarret Carsberg,80525812,39632727,342 Armistice Crossing
472,Rooney Hearthfield,68628240,28593878,71568 Carberry Hill
473,Isabelita Aland,72118290,47654806,87605 Valley Edge Park
474,Birk McCuis,71481860,68462154,11847 Union Lane
475,Bat Korn,71146396,63211498,60042 Pleasure Road
476,Cristi Savatier,67211729,55136118,4 Stoughton Street
477,Case Wadly,96777737,50688983,899 Tony Terrace
478,Irv Mildner,65171322,55713582,76 Spaight Lane
479,Riva Heinel,37581563,54239961,629 Eggendart Terrace
480,Warren Jancy,82956842,39623666,84 Jenna Parkway
481,Dasya D'Onise,92909929,38044695,9013 Evergreen Trail
482,Renato Cranefield,72430081,53065756,7 Melody Trail
483,Melinda Capstick,42406055,39665272,73283 Prairieview Pass
484,Lauren McKernan,66901613,44619088,49490 Eagan Crossing
485,Louise Thurber,11689962,66139751,090 Gulseth Road
486,Cornell Bridgland,34196630,47456287,0 Fieldstone Center
487,Flemming Fyrth,17705272,72076860,526 West Way
488,Stanford Matysiak,67943024,53651892,9873 Blue Bill Park Road
489,Barby Swalwel,57272355,27643180,63847 Mallory Center
490,Garner Origin,48873800,60290511,3422 Mockingbird Alley
491,Carilyn Adicot,33480691,56790969,5 Sullivan Plaza
492,Audie Dowsett,31023809,65836665,31282 Superior Trail
493,Kaile Cremins,24478205,61777920,4 Nancy Trail
494,Kimbell Spinetti,44525692,54912663,07 Surrey Way
495,Rubin Blesdill,92965414,51386500,646 Farmco Junction
496,Kincaid Clows,18186621,68256318,1945 Pepper Wood Alley
497,Muriel Colbert,71839383,40239607,0 Meadow Valley Pass
498,Em Stealey,65979603,71469460,7 Dakota Junction
499,Emma Andreoletti,69408484,44148368,8163 Hanover Place
500,Dulcie Bonas,45919344,72696789,1 Forest Point
501,Dredi Angerstein,50811989,48048302,598 Memorial Avenue
502,Evelyn Rannells,14414172,75747834,3 Hanson Parkway
503,Terrell Crisford,66942626,25851199,27538 Laurel Crossing
504,Evangeline Dewsnap,75756292,73165728,41 Montana Plaza
505,Kathrine Chaplin,82233636,55536964,2367 Hoard Court
506,Kleon Ogglebie,13132123,44998350,34525 Chinook Court
507,Gerrilee Shwalbe,25859396,41317221,0017 Sunfield Plaza
508,Kimmi Barg,65925165,70298898,83437 Melby Hill
509,Emalee Kennealy,79670476,73969308,37 Stephen Center
510,Mandie Bush,98372011,75220218,3957 Summer Ridge Road
511,Cully Wison,32075401,40455193,132 Lotheville Place
512,Tymon Billanie,99145212,35494354,77974 Mendota Park
513,Jyoti Gamwell,28459474,62567411,7294 Cottonwood Parkway
514,Sheffie Treweke,96068461,45496803,11665 Lake View Road
515,Rodie Coupe,47253099,33631874,11 Bartillon Terrace
516,Deanna Philott,79891714,73108562,58073 Corben Alley
517,Wyatt Gabbot,89862208,31100506,56 Huxley Court
518,Camellia Davidovicz,60580853,50034877,341 Nobel Way
519,Farlay Ruske,67598204,24661119,93122 Jenifer Lane
520,Clarabelle McGrail,20434608,30411597,29 South Place
521,Hogan Vogele,22161317,52551273,248 Roth Road
522,Lynette Betser,47216715,77270701,74 Chive Park
523,Emmalyn Goodlatt,78454092,54046092,008 Ohio Hill
524,Cherey Belli,18618158,60374749,759 Saint Paul Crossing
525,Delcina Caveney,86264904,30380022,410 Porter Parkway
526,Torrence Stockdale,85086771,68439834,49 Caliangt Avenue
527,Leonelle Wescott,83269617,63064147,099 Dexter Park
528,Lina Engelmann,44137560,42564279,2523 Bobwhite Alley
529,Mathias Dauncey,79409597,65361043,8 Arapahoe Center
530,Angy Hofer,83748007,77911026,31 Forster Junction
531,Nolly Corr,29349399,60353359,784 Blaine Way
532,Chickie Cawcutt,25702190,41334090,39412 Merchant Parkway
533,Sawyere Allbones,33417883,69759707,684 Namekagon Terrace
534,Skippy Saurin,56724168,42262615,0436 Monica Circle
535,Alice Michurin,26742709,32757970,0380 Shopko Court
536,Allina Cheel,95576448,58523072,96 8th Junction
537,Beverley Peabody,72201062,51185517,53 Bluejay Drive
538,Wenona Wagen,31555404,73785480,22785 Clarendon Terrace
539,Derrek Meric,96289710,63107670,009 Longview Circle
540,Ramon Order,53239332,68925036,63 Logan Circle
541,Jolynn Colcutt,36113966,49771181,7706 Sycamore Crossing
542,Maureen Abele,83544969,34437172,806 Mcbride Street
543,Willem Wadsworth,67277146,47393992,88 Raven Way
544,Rodge Fiddymont,93389684,27710111,9814 Ryan Hill
545,Nolan Mulliss,63253120,58717526,30240 Heffernan Court
546,Leon Stollsteiner,36202390,36797578,5941 Pond Terrace
547,Andie Gecks,29859466,42156017,598 Hovde Center
548,Piotr Gladbeck,82099742,69117423,00 Judy Court
549,Murry Hale,53805238,68418052,1 American Hill
550,Tomlin Leguay,68053344,56498115,371 Bluejay Lane
551,Odo Sawle,17551018,28110952,194 Bartelt Circle
552,Clywd Adanez,74238956,29626728,5 Milwaukee Trail
553,Griffith Megarry,59858287,37055634,8 Buhler Alley
554,Judie Balmadier,13661232,52061847,313 Vera Plaza
555,Inger Etheridge,52996249,47255196,55313 Memorial Pass
556,Gabriello Mityakov,78227638,51792284,5933 Forster Junction
557,Carroll Bidder,77267212,27585356,38 Boyd Court
558,Novelia Kalisch,78214214,24841702,98437 Cherokee Plaza
559,Dari Toombs,64756072,56676723,49413 Main Avenue
560,Herbie Mossop,79559650,36540938,03 Sloan Junction
561,Marcie Buckner,58701370,46436792,35472 Ilene Parkway
562,Barron Kuhne,78654340,33580764,5177 Dwight Lane
563,Hallsy Janota,29347089,36717940,1 Stang Point
564,Maximilianus Kilmartin,22708588,42076508,30 Comanche Alley
565,Ortensia Gabby,31500995,23598489,67 Evergreen Pass
566,Briana Node,98184559,41586758,96 Algoma Crossing
567,Tedra Beilby,92760700,47339746,893 Cordelia Alley
568,Curran Arrigucci,87727473,46619229,93 Eagan Drive
569,Sholom Dowsing,94602813,33268644,983 Doe Crossing Hill
570,Keenan Seivwright,48073598,77747634,61028 Waxwing Street
571,Guendolen Kither,63481311,60345480,6 Fairview Road
572,Dicky Stellman,74249147,57446730,1 Muir Junction
573,Shena Scarff,22462987,61185896,5 Quincy Crossing
574,Shelagh Kemm,81820136,28729130,0417 Hoepker Terrace
575,Kane Shepard,90097455,75878383,28305 Messerschmidt Crossing
576,Gregg Forgan,25057765,58279684,4 Springview Place
577,Matilde Chastelain,49398555,49793779,7 Hooker Park
578,Bren Klimkin,61370096,63533210,81312 Northland Way
579,Rafaellle Cattrell,40889404,54971000,88003 Eggendart Pass
580,Tildi Lambert,47282818,48808316,96 Doe Crossing Place
581,Pansie Menis,43536757,54678995,15188 Mendota Court
582,Stanly Galbraeth,24016422,48483108,35 Clemons Circle
583,Konstantin Hawksworth,84057696,37028044,917 Bunker Hill Circle
584,Shawn Labitt,83474033,48725496,2 Brentwood Place
585,Dennis Veness,67548499,64109247,43074 John Wall Center
586,Aloisia MacGillavery,66740868,52058998,7 Grayhawk Point
587,Duke Arlet,51934971,50214733,300 Waywood Street
588,Jacquelin Freeborne,18936311,25622775,8 Bluejay Terrace
589,Jsandye Golding,90477455,63324259,411 Pennsylvania Road
590,Whitney Hatherell,21517874,72381823,768 Logan Park
591,Norris Bruyett,68386097,36013966,78 Pepper Wood Point
592,Carlo Janek,39433101,62840482,4146 Tomscot Trail
593,Cristobal Blachford,79977250,73905317,46 Forest Dale Plaza
594,Emmalynn Smittoune,48878575,35871025,402 Pond Point
595,Daloris Clewlowe,97931185,42390552,4528 Holmberg Place
596,Bella Dickie,24528641,74434447,098 Pearson Alley
597,Zoe Dunsleve,88546356,51185788,73 Caliangt Trail
598,Celisse MacCague,72504600,48511813,17 Lighthouse Bay Court
599,Hal Scapelhorn,55846916,48349272,7769 Raven Center
600,Roderich de Zamora,32747259,73525376,17 Jackson Alley
601,Larry Sysland,76957223,73824712,03 Pine View Road
602,Mathilda Caillou,23836272,67204178,12 Golf View Avenue
603,Hilly Gilford,88988242,37224476,399 Basil Plaza
604,Leroi Lebbon,36350204,56375779,9 Iowa Plaza
605,Gris Crossdale,81110551,69424385,5 Banding Circle
606,Lowell Aspden,75279344,42744308,76 Rusk Point
607,Adolph Dicker,71160959,44446653,2 Brickson Park Junction
608,Lindsay Losbie,74426679,25150356,5 Killdeer Terrace
609,Michaella Aitcheson,80902519,65952813,5978 Sutteridge Lane
610,Tressa Adamec,75189043,51457511,258 Forest Dale Alley
611,Vivi Pflieger,23481626,48290423,53 Acker Plaza
612,Willard Rippon,65242211,35700698,7183 Namekagon Hill
613,Thelma Leaf,24375438,74122429,3524 Brentwood Point
614,Marijn Robun,92729723,69192113,9686 Portage Junction
615,Dallas Wareing,45295440,38582668,779 Blackbird Parkway
616,Jamie Rawls,86517411,47017652,0 Marcy Plaza
617,Cletis Worsnop,85036972,26732107,55222 Loftsgordon Drive
618,Dorthea Nickolls,44698794,61811874,576 Colorado Avenue
619,Didi Galland,58403621,68812997,1470 Marcy Place
620,Tiffany Abramamovh,22108029,37963171,2720 John Wall Parkway
621,Pansie Stoggles,44416628,23728715,8 Boyd Center
622,Rianon Egerton,57685364,29562701,74 Forster Park
623,Ulric Bagge,99814305,36053752,0 Bobwhite Court
624,Marjy Shave,54236355,23641359,06 Pine View Court
625,Yard Gardiner,88414493,76649101,49 Rockefeller Terrace
626,Griff Gors,76497795,68036436,4 Sage Lane
627,Luella Bartholat,14360269,40790834,8924 Bay Place
628,Chester Ravel,51087068,76840601,2 Columbus Point
629,Pincas Sheaber,98390226,58762191,5 Bunting Point
630,Jamima Purrington,47418540,60808200,3172 Sherman Way
631,Adria Gowenlock,75460902,57870668,9 Heath Plaza
632,Lars Gross,59757900,43843108,251 Oneill Way
633,Forester Marney,44626532,57901253,42 Evergreen Way
634,Bernete Allbrook,65700820,22599214,4 Laurel Parkway
635,Dane Hazeley,74107101,34110947,750 Johnson Crossing
636,Lotty Kelshaw,66689249,50944650,655 Loomis Hill
637,Candis Ledrane,99134217,68648113,429 Emmet Terrace
638,Russell Penny,97991041,49060643,75957 Merchant Street
639,Rosana Ruggen,87398228,40694401,56009 Northridge Pass
640,Natty Flaune,30203365,52626003,71549 Chive Circle
641,Karlene Lattka,93099290,57623800,101 Nevada Circle
642,Raleigh Elix,67579068,69341436,4 Delaware Center
643,Raffarty Maughan,50826663,43689193,071 Grasskamp Court
644,Gusta Millichip,63430945,61552153,4786 Kinsman Park
645,Gina Chastey,37957262,29514105,55048 Schiller Trail
646,Manya Franchyonok,43238294,37536076,70 South Alley
647,Robby O'Cannon,76528017,70972916,9 Vahlen Pass
648,Audrie Orpwood,42789082,55010102,852 Bluejay Park
649,Erda MacCoveney,72328345,54877583,65675 Melrose Junction
650,Berna Colliss,65411255,39560696,60 Merchant Street
651,Lewie Cuffin,71034139,77996729,38 Hayes Circle
652,Andi Wyrill,51510500,39607689,78 Rockefeller Terrace
653,Ada Donett,15865536,58424139,59153 Kedzie Road
654,Mellicent de Almeida,82998146,77147815,6510 Upham Road
655,Lynnette Wigfield,99899565,73657980,7533 Evergreen Circle
656,Saraann Flacke,74200713,22671332,42 Scoville Terrace
657,Knox Harflete,29266083,47098164,4082 Carioca Terrace
658,Gale Clow,84957957,23493485,44 Mcguire Road
659,Hale Harrinson,98665219,39748430,5832 Arizona Plaza
660,Rainer Moughtin,95924061,71524002,58001 Arapahoe Street
661,Kayle Cordeau],12873815,75947855,1543 4th Terrace
662,Edna Rodrigo,78985954,46784368,5564 Clyde Gallagher Terrace
663,Stanislaus Salisbury,69390932,58435508,976 Sunnyside Junction
664,Palm Shallow,11282206,35109273,5201 Anhalt Lane
665,Darby De Laci,51155675,47190089,1 Ryan Point
666,Brittne Crozier,38472378,23584888,361 Sugar Trail
667,Ulrick Goomes,54339007,44979204,6 1st Junction
668,Bronnie Klimpke,85420769,67369219,1048 Logan Avenue
669,Gottfried Wallworke,83957283,56306970,97877 Muir Road
670,Scotti Ryle,40740006,57802839,4115 Northwestern Lane
671,Lona O'Drought,50151822,34124893,73061 Graedel Point
672,Renato Pinchbeck,89141707,69786435,32342 Union Road
673,Gerry Adamec,76909124,43557784,635 Chive Drive
674,Corby Molloy,60380992,45502650,26 Pennsylvania Pass
675,Lawton Stenners,33536368,66840331,5 Lien Avenue
676,Isa Gummery,88267688,55104804,3995 Haas Court
677,Kerr Seakin,32783050,67950963,03 Londonderry Court
678,Krystyna Bissell,15652825,28897915,382 Annamark Trail
679,Angie Plan,44944612,41492793,4 Corry Park
680,Caddric Beckles,21208942,33396247,00 Fulton Plaza
681,Torrin Teresi,96910607,28449755,935 Lakewood Gardens Road
682,Christyna McIlveen,13656671,58573025,3507 Weeping Birch Road
683,Doe Agnew,73799109,46832877,13 Meadow Ridge Avenue
684,Beth Francescuzzi,38656091,69912106,868 1st Lane
685,Clevey Bowler,74600674,61743231,568 Portage Way
686,Patrizia Manvelle,50290250,63958537,6854 Talisman Hill
687,Grayce Tomley,75358059,51423854,31 John Wall Alley
688,Mabelle Jeram,33641649,32539810,9949 Roth Court
689,Donnie Rennolds,86775317,76249566,864 Bowman Plaza
690,Alonso Huggen,67850118,69570362,24 Helena Circle
691,Carola Searle,25366137,48443139,18753 Gerald Trail
692,Franni Felgat,76133631,77367960,336 Lotheville Street
693,Allianora Sangster,98907663,52816716,95 Bartelt Parkway
694,Rikki Tirone,56340597,38935706,96 Carioca Point
695,Ivette Shobrook,12233425,75410213,7 Jana Center
696,Celisse Kinchin,55433036,24554177,82 Mallory Point
697,Alfred Serridge,44193926,50425478,12485 Moulton Pass
698,Bernadina Macoun,21362456,38185993,7 Mallard Point
699,Lacie McGilleghole,46769586,38232939,306 Mcbride Court
700,Karin Cristofori,26513554,68455015,6797 Union Way
701,Anderea Keyse,55873830,72159425,70523 Westport Court
702,Thomasine Kiffin,50634863,74946325,0721 Sundown Center
703,Newton Giffon,71311964,30282327,85 Mccormick Pass
704,Merell Wiggin,65304600,43116889,4 Coolidge Pass
705,Jamaal Thieme,67680966,41640816,2 Londonderry Way
706,Susan Pelosi,55413331,62582104,9749 Alpine Trail
707,Cahra Loseke,18140562,45078616,2036 Gina Drive
708,Hally Firminger,12028540,66878903,721 Clarendon Junction
709,Aliza Borrett,29676912,55828783,637 Drewry Junction
710,Neila McKeady,22523053,49754747,45467 Buell Place
711,Eda Sharpless,17983385,44851431,61 Northwestern Junction
712,Daile Casotti,37747549,76999705,56583 Gulseth Place
713,Marchall Flaonier,52651948,39877487,22 Hudson Point
714,Anita Awmack,41308748,55678623,522 Walton Crossing
715,Harriott McCourt,56682209,35850922,003 Oxford Terrace
716,Lilith Kleewein,88817645,70181830,05804 Lillian Point
717,Fancy Reddington,41239344,73082834,7 Londonderry Park
718,Rachel Emnoney,22114812,65301159,5229 Bunker Hill Avenue
719,Brigid Masse,70149207,28738611,6224 Mcguire Terrace
720,Gabie Higounet,61376495,70398407,1153 Hoepker Trail
721,Floyd Hartigan,87917252,35665821,15 Gerald Junction
722,Kingsly Barron,87224906,50810514,25484 Valley Edge Road
723,Wainwright Ferenczi,77281765,45022740,51610 4th Lane
724,Arin Saltsberg,22456363,23666216,2849 Scoville Center
725,Jereme Giblin,74987305,77758092,22 Messerschmidt Lane
726,Vern Cristofanini,35119512,52856384,60 Moulton Plaza
727,Nance Trayes,37412592,62300158,12055 Cordelia Court
728,Adriana Roome,78525439,28378123,8363 Sutteridge Point
729,Clive Tabord,11620540,62342967,1 Reinke Place
730,Pancho Greenstock,95211691,27922263,4 American Ash Trail
731,Lorri Redmond,78175998,47753895,54 Scott Avenue
732,Christie Winning,27341911,55657512,22 Kings Trail
733,Derek Ipsgrave,46128394,73947397,03199 Daystar Avenue
734,Ely Hayselden,40304993,77592020,665 Comanche Drive
735,Corene Fenty,38578362,53088557,2039 Crowley Drive
736,Alexia Eustis,23408658,47062094,19886 Charing Cross Court
737,Juan Ladon,48353828,59885424,251 Southridge Plaza
738,Pryce Water,38070180,46241764,260 Anderson Lane
739,Ardra Pluthero,36165862,28804672,409 Anniversary Junction
740,Marga Ledwich,23128930,67261204,69982 Arrowood Plaza
741,Joby Manon,66702998,51457129,090 Eastwood Court
742,Maryjane Dirand,65492323,57162456,7010 Esch Place
743,Saundra Ackeroyd,89070696,36193217,03874 3rd Way
744,Tersina Kropp,78368691,70933525,58337 Main Road
745,Natassia Tinman,17554588,45986806,58 Sheridan Pass
746,Karylin Garbott,85796863,37437630,838 Logan Terrace
747,Eugen Mithon,26648988,58533136,52 Blue Bill Park Crossing
748,Bobbe Casarini,64832789,77300969,4238 Novick Drive
749,Ralph Tendahl,55619948,46728228,08 Union Terrace
750,Nerissa Donisi,62470551,46069725,3 Cambridge Court
751,Daven De Rechter,63762660,57084729,7 Northwestern Alley
752,Nessy Izzat,22695971,76844492,9 Hanover Junction
753,Coop Coddington,68694133,42901869,6 Mcguire Crossing
754,Edouard Vellden,91196304,33946740,0334 Muir Alley
755,Katharyn McInerney,99608028,25328000,7187 Twin Pines Avenue
756,Jemmie Skeeles,31872709,25820115,2 Mcguire Drive
757,Loree Cassie,91644041,68308499,9 Barnett Parkway
758,Nappy Trowsdale,97382965,61701522,2701 Grayhawk Trail
759,Mitchel Cavanagh,12502309,74498357,47 Melby Court
760,Gram Wrightam,24977014,64144514,596 Crownhardt Center
761,Tedd Sawyer,80365936,22528365,6479 International Terrace
762,Germana Capponeer,19437856,63945956,55923 Eagan Pass
763,Francisca Newbatt,93500494,26791106,852 Menomonie Avenue
764,Camila Chatain,66711112,67030182,895 Manufacturers Lane
765,Christie Comar,79650064,74774062,683 Eagan Road
766,Nerte Pawelczyk,34157220,45564033,714 Vidon Road
767,Edvard Rye,39913620,25335185,2 Muir Circle
768,Selina Bragginton,72839410,26035518,74 Butterfield Lane
769,Robbin Kurdani,41495656,41054635,2 Maple Point
770,Natasha Watting,30873094,39512424,9134 Northport Drive
771,Gypsy Eymor,66218024,47603756,25632 Green Hill
772,Wells Houliston,87603794,58772123,64069 Rowland Lane
773,Shurlocke Hallaways,29525419,39226518,68 Canary Lane
774,Tressa Edworthie,54303344,65381858,2490 Superior Pass
775,Anni Mutch,27986608,64324825,95024 Prentice Trail
776,Hadria Rowley,72096139,59990211,2 Vahlen Junction
777,Wilona D'Avaux,20477228,58359185,6319 Sugar Circle
778,Elston Eckley,88484409,47335690,98142 West Junction
779,Liane Krzysztof,42813590,29653600,86 Dunning Road
780,Charlie Gullivent,89333609,68695272,3854 Di Loreto Pass
781,Ginger Ternouth,68370747,34293897,54274 Coolidge Alley
782,Timofei Yushachkov,95920020,46111756,629 East Place
783,Hermia Springtorp,37397721,36744832,1 Hoard Plaza
784,Matilde Boustead,28003593,25600470,1 Corry Court
785,Verina Took,94967409,23241956,3769 Utah Lane
786,Sayre Elphinstone,88067647,70352282,92 8th Street
787,Lorinda Codd,23718391,58556375,906 New Castle Drive
788,Jennee Hanscomb,27017080,22465601,93 Eggendart Plaza
789,Drusi Petegree,27200048,60091219,2034 Red Cloud Plaza
790,Lazar McTurk,50130255,35010984,61 Sycamore Plaza
791,Leticia Longson,50708221,73437351,97824 Green Ridge Drive
792,Elliott D'Antuoni,33624360,55642673,8594 Eagle Crest Center
793,Rania Sainer,22391699,77585069,0382 Sauthoff Trail
794,Inge Davies,82131362,37231792,011 Kenwood Street
795,Titos Poulsen,29081432,48896823,1294 Coleman Pass
796,Rance Karys,89598646,51124149,20922 Basil Avenue
797,Ivory McLucky,69831734,32519497,906 Sommers Road
798,Anders Lindenboim,33041726,75841844,3416 Ridgeway Lane
799,Gardy Morfield,62491736,23753693,20772 Hansons Alley
800,Claybourne Dyment,44944558,26714797,69 Drewry Circle
801,Calv Vineall,17912092,44412370,3 Blaine Court
802,Uriah Jaquiss,28369407,55599320,9 Rutledge Park
803,Ave Jehaes,16284049,22724815,377 Sullivan Crossing
804,Spencer Almon,15401952,29578726,361 Russell Trail
805,Nariko Scarff,34696589,63327037,7990 Loeprich Road
806,Gabriell Adger,45544103,68109196,0514 Melby Drive
807,Gayler Gouldstraw,86532159,27429006,5377 Westerfield Avenue
808,Bernard Huffy,41775308,74729429,519 Truax Court
809,Lindy Aspinwall,64854902,56218633,85 Elmside Court
810,Ashil Speedy,51018354,73571744,251 Jenifer Lane
811,Zondra Krishtopaittis,20113305,40196273,1 Ridgeview Parkway
812,Tucker McPhater,97663622,47030723,36019 Cottonwood Alley
813,Henka Hundall,78927665,22342643,73212 Londonderry Court
814,Mureil Ketteman,62820300,48499126,47 Towne Lane
815,Wallace Dureden,83635945,46126473,42 Miller Terrace
816,Sheilakathryn Skyram,16712322,29431571,43 Hayes Alley
817,Yorker Harty,24862151,36828476,40 Dixon Drive
818,Deidre Aylen,83404195,76800974,2238 Crescent Oaks Street
819,Fredra Quainton,77557168,66232981,07 Meadow Valley Junction
820,Osbourne Morde,76362068,51972000,5491 Ramsey Lane
821,Waldemar Ottee,51540965,62577960,28 Straubel Circle
822,Kristopher Parkyns,28314294,28668859,81089 Little Fleur Point
823,Hansiain Oneile,70557436,77334733,8 Basil Center
824,Gilbert Ocheltree,26695020,48077773,57894 South Pass
825,Luca Rackstraw,84210155,64622512,741 Reindahl Crossing
826,Bari Roelvink,51965801,67768603,54 Charing Cross Crossing
827,Rennie Hemshall,50284002,67236952,31 Ryan Place
828,Teddy Swindells,33924754,58522848,94 Fordem Street
829,Nicki Hann,80557125,77099288,5 Fisk Crossing
830,Shirlene Aynold,21277034,67604886,840 Eagle Crest Pass
831,Guillaume Coolahan,19140440,41471114,79 Anderson Terrace
832,Alfons Courcey,12779943,75899964,706 Prairie Rose Plaza
833,Natale Bispo,79257858,47175732,4259 Northwestern Court
834,Billy Cristofol,65601190,61020133,68 Blackbird Center
835,Cull Osant,45399074,39055611,693 Stone Corner Way
836,Durward Denton,34931793,35192651,0256 Blue Bill Park Center
837,Nial Tosspell,37999755,59488456,006 Pond Plaza
838,Rodrick Reede,20230730,65773077,0346 Muir Junction
839,Pooh Nelm,79933158,38578103,8146 Ryan Lane
840,Tandy Serchwell,62809159,56711010,0497 Claremont Lane
841,Tabbatha Shave,36174262,65510759,306 Mcguire Circle
842,Kirbee Bartoloma,13649304,25447115,429 Ilene Alley
843,Heddi Thrasher,87291808,64427691,85995 Oak Trail
844,Vivienne Gilhool,33459758,56510502,10 Browning Way
845,Sebastien Itschakov,43346393,34817653,4 Waxwing Parkway
846,Lauralee Jagiela,58735626,68387749,26 Knutson Drive
847,Merrill Ambrogi,16910526,22780844,71651 Arapahoe Road
848,Kurtis Blaxill,50236453,30986032,51999 Dawn Trail
849,Othella Drescher,62188617,35276960,58606 Victoria Junction
850,Malvin Ratley,80626811,24909859,3556 American Ash Place
851,Chauncey Wickwarth,64696372,56763297,83 Esker Circle
852,Monti Smout,38547470,74769729,52 Oak Valley Pass
853,Yale Placidi,91823061,68744973,463 Golf Course Trail
854,Clemmy Celle,23192968,72208620,280 Maple Wood Court
855,Kip Welch,37593564,62467466,97678 Delaware Avenue
856,Lindon Leere,78545173,56746071,54 Summit Way
857,Sada Townsley,11118350,70184875,3103 Oneill Alley
858,Price Chapelle,33330358,56542593,53 Scott Parkway
859,Grange De Haven,56825491,59820953,0629 Gerald Place
860,Hirsch Trighton,17803311,65348554,392 Norway Maple Lane
861,Gypsy MacAllen,59444786,49779863,21 Bellgrove Court
862,Abel Thicking,14332664,69407552,721 Debra Alley
863,Jefferson Covert,82936750,53473206,06806 Jenna Center
864,Horatius Rouke,49905125,47138559,70459 Declaration Road
865,Giovanna Hollingshead,66894864,52390038,619 Forest Dale Way
866,Tucky Banford,81721694,55003827,96609 Buena Vista Lane
867,Aleta Rosenblad,27050097,46192844,81406 Longview Parkway
868,Cory Torritti,23080211,44190818,4 Kensington Trail
869,Rhianon Daskiewicz,21669016,30574879,55987 Darwin Drive
870,Coleman MacGarrity,60199049,27065112,524 Elka Park
871,Rogers Benard,47924154,25745744,57 Lukken Trail
872,Brice Chevolleau,41977206,29971468,2 Hanson Avenue
873,Geri Vineall,19868206,36690504,66965 Muir Crossing
874,Terrie O'Donegan,33089709,28800690,0 Warrior Park
875,Pen Lomansey,29607155,29164471,3 Moulton Avenue
876,Onfre Westoll,72505240,32109046,5 Fuller Circle
877,Ellwood Ferentz,12738396,50955502,26 Ludington Hill
878,Mariska Pecey,45213977,41755899,81565 Anthes Alley
879,Nils Yerrall,61597351,24906411,87 Coleman Alley
880,Berkeley Manwell,39132292,68384432,264 Hauk Road
881,Remy Radenhurst,42675984,32278437,71 Fairview Crossing
882,Gregory Coushe,76752712,53790091,54 Warrior Road
883,Essy Budcock,17075918,30139221,0417 Petterle Point
884,Zita Bremond,78178245,40747861,6 Prairie Rose Terrace
885,Alyce Norridge,25234203,69872930,9 Springs Park
886,Mufinella Pidgeley,12561542,32984327,120 Sycamore Street
887,Nola Candlish,40267598,34687079,9 Pierstorff Terrace
888,Adrianne Bourhill,78916172,50515568,961 Roxbury Terrace
889,Annabella Figures,65529303,75827261,490 Columbus Junction
890,Nikita Odlin,13851244,56877361,43 Jackson Crossing
891,Rey Beining,65634088,22575979,33213 Tennyson Street
892,Fletcher Clack,55300676,58782303,6 Lakewood Plaza
893,Parke Lethibridge,74550531,22617091,62 Shopko Parkway
894,Holmes Dansey,32127385,22228586,80464 Northfield Trail
895,Rolfe Moyne,20241782,50980514,1 Mitchell Court
896,Clemmie Stanbro,16285386,66083370,662 Dayton Terrace
897,Alvie Mannock,60835987,69696696,797 Waywood Street
898,Demetrius Netley,50845823,38107975,5233 Butterfield Park
899,Edeline Olsen,96222210,36524718,7 Esch Junction
900,Darb Spurgin,99853755,65120456,3 Sachtjen Trail
901,Claire Fleeman,52516790,41980937,1843 Oak Valley Crossing
902,Kacy Patkin,64554658,37104800,17 Mockingbird Drive
903,Hank Philliphs,34003204,63953046,5 Cordelia Park
904,Matti Blunsum,61850578,36612754,364 Beilfuss Park
905,Leandra Ghost,16316700,71457917,54695 Kipling Avenue
906,Rhonda Elms,53240019,46622964,00 Independence Plaza
907,Gratiana Yewdale,11832123,65445210,9688 Ridgeway Center
908,Elene Longden,63174827,34832797,79 Farmco Drive
909,Neddie Alenshev,19138684,70905552,9748 John Wall Road
910,Coletta Coppens,39349049,61643567,24236 Raven Road
911,Conni Focke,22911750,64724242,192 Nobel Junction
912,Brynna Aspinwall,80066838,58919490,52880 Mitchell Street
913,Lorena Colegate,90992719,60034814,0424 Fordem Pass
914,Myrtie Capponer,84255766,25911548,0188 Thierer Court
915,Eartha Losbie,63138239,28814391,218 Artisan Street
916,Annetta Walpole,50505446,49873585,9 Oxford Hill
917,Wilhelm McDuffie,82327465,26018235,49677 Lake View Pass
918,Maxwell Alan,44709255,72008767,59734 Macpherson Lane
919,Elisha Proctor,11664878,72730157,5920 Pine View Road
920,Langsdon Salvadori,39397506,40942468,82 Transport Hill
921,Amalle Giacomazzo,88773433,42301784,5114 Monica Lane
922,Derry Yokel,87523378,51208009,32 Lyons Circle
923,David Richards,27336316,75670631,45458 Manley Point
924,Simona Bariball,35318665,67492482,2221 Carpenter Alley
925,Phebe Downton,77915960,70734503,48 Johnson Place
926,Elvis Championnet,71858307,68800593,563 Banding Avenue
927,Fletch Beadell,66502199,67572428,85568 Victoria Court
928,Lemmie Dunlap,56548343,50830855,9 Briar Crest Junction
929,Nataline Jerome,41864547,57931936,2 Banding Place
930,Garrick Seiter,16317806,42946336,7911 Hooker Pass
931,Nataline Naisby,22329597,55740796,9 Maple Place
932,Misti Ponnsett,95307075,55831705,05413 Upham Pass
933,Melania Pittet,95080989,67129592,3152 Ruskin Park
934,Nappie Parmley,97633445,23752459,4850 Loeprich Place
935,Gaspar Crookes,21750091,54868748,14364 Express Circle
936,Grover Sudron,13799944,41973110,38456 Gerald Alley
937,Auria Budgeon,76515821,54033234,40124 Algoma Center
938,Bess Kilgannon,92094429,27403050,2490 Elmside Park
939,Mylo Rasp,86666474,34067834,56 David Center
940,Lira Blondelle,77181181,55119946,35 Morning Parkway
941,Cece Hutchinges,83693683,32610771,81 Little Fleur Avenue
942,Margeaux Hayzer,48155329,45070927,29016 Pleasure Hill
943,Zora Whawell,92877796,47713954,16 Talmadge Junction
944,Zachery Dunkerly,70921023,25794193,856 Stuart Avenue
945,Sandor Choudhury,16676459,50812850,6 Forest Dale Crossing
946,Eli Grovier,45933009,48091190,1765 Atwood Court
947,Jana Janiszewski,90669144,38631037,77055 7th Court
948,Meghan Hullin,24836928,32660951,7222 Union Center
949,Leda Millett,70842869,55704968,4071 Dexter Street
950,Annabell Ovitts,99092893,37959714,5 Porter Parkway
951,Justin Romao,13776679,26823698,2616 Kinsman Trail
952,Tome Wakeling,60728989,41448593,939 Pankratz Junction
953,Karney Wadeson,45634864,66259438,4 Blue Bill Park Park
954,Padget Jorck,29863975,76959878,98 Hanson Crossing
955,Godfree Jozwiak,87502141,64515810,7 Oxford Trail
956,Alexis Brokenshire,79735163,32183064,0235 Sachtjen Avenue
957,Valerye Mugford,88070245,33614588,63 Continental Trail
958,Corbett Mallya,11297366,76512969,0695 Bluestem Court
959,Valentin Bartoloma,19984305,56387454,85880 Esker Lane
960,Kelvin Willshee,55062858,73798770,5885 Mockingbird Crossing
961,Pavel Ducaen,85133443,71033446,3731 Fuller Circle
962,Katerine Ethridge,55374144,40741592,052 Dryden Hill
963,Twila Grand,43329163,54594673,8001 Stang Drive
964,Filberte Pre,37555665,27251360,94 Pearson Place
965,Leroi Callington,29103667,43574910,657 Fairview Road
966,Rhys Peggs,91206425,42725698,842 Reindahl Plaza
967,Andrea Laborda,75819494,34493007,3 Dovetail Junction
968,Opaline Bruna,98915544,69972196,15 Acker Terrace
969,Bentlee Elles,74111803,64431902,4 Sheridan Park
970,Boyce Le Huquet,76145678,42718772,76 Sycamore Alley
971,Mabel Dunnion,71783777,24746218,25 Lawn Center
972,Terrill Carss,41187520,72592165,16098 Forest Dale Pass
973,Tiebout Fandrich,21943597,47338082,7053 Warrior Place
974,Yulma Mishaw,54140183,69316348,18421 Artisan Hill
975,Trip Enders,40613452,63870438,1995 Pond Pass
976,Claudian Hencke,43714179,23737569,0 Porter Drive
977,Meghann Dashkovich,50499991,35816374,8 Killdeer Way
978,Godard Zanelli,22146878,76867726,7 Bultman Trail
979,Demetris Buggy,27272457,32081605,25866 Anhalt Pass
980,Woodie Simeoli,50976638,50845769,96 Hazelcrest Trail
981,Jared Gostick,22823020,74401832,12907 Bartillon Point
982,Ervin Calvey,51852113,41488619,05972 Green Drive
983,Marylee Horsey,90590385,46108554,32 Leroy Circle
984,Andria Flooks,73867077,34468166,1 Summerview Center
985,Corenda Crock,57605815,37307464,21 Ramsey Avenue
986,Dylan Bousquet,76363214,63420384,447 Springview Center
987,Samantha Paraman,54319889,55864266,3 Browning Alley
988,Nike Trownson,82674534,27433861,6 Lakeland Center
989,Abrahan Stone Fewings,54582998,75849915,1424 Anderson Trail
990,Lionel Magner,43984609,44189216,82360 Sutteridge Street
991,Neron Ledstone,72171640,60871961,0197 Weeping Birch Plaza
992,Joella Pallent,19545797,57087737,873 Gerald Way
993,Yves Llewellyn,16178358,49375655,542 Manitowish Plaza
994,Juliette Collard,15722932,52062024,6 Sage Park
995,Ellie Jumeau,42570225,67604417,8943 Carberry Way
996,Desdemona Watkinson,33863883,66632119,2 Manufacturers Circle
997,Elfreda Cristofaro,40308407,34252223,183 Marquette Terrace
998,Lidia Digman,68885769,41073290,59 Lyons Parkway
999,Wynne Brampton,62922994,31921608,3754 Kings Trail
1000,Teddy Dockwra,54521122,38606910,84 Muir Road
