COD_PRODUCTO,NOMBRE_PRODUCTO,PRECIO
1,Wine - Sauvignon Blanc,$41.74
2,Wine - Beaujolais Villages,$37.68
3,"Shrimp - 16/20, Peeled Deviened",$42.56
4,Tray - 12in Rnd Blk,$57.13
5,Fork - Plastic,$24.75
6,Spice - Greek 1 Step,$36.37
7,Dates,$71.82
8,Appetizer - Mushroom Tart,$45.86
9,Allspice - Jamaican,$99.73
10,Mustard - Individual Pkg,$97.00
11,Bagelers,$44.25
12,Amarula Cream,$44.15
13,Creme De Cacao Mcguines,$53.47
14,Cups 10oz Trans,$65.62
15,Sultanas,$42.45
16,"Lamb - Shoulder, Boneless",$28.66
17,Lettuce - Red Leaf,$68.15
18,"Chicken - Thigh, Bone In",$10.88
19,Campari,$91.61
20,Garbage Bag - Clear,$74.73
21,Sterno - Chafing Dish Fuel,$86.61
22,Wine - Vouvray Cuvee Domaine,$27.60
23,Cheese - Cream Cheese,$38.75
24,Wine - Zonnebloem Pinotage,$93.99
25,Appetizer - Escargot Puff,$68.98
26,True - Vue Containers,$36.47
27,Longos - Greek Salad,$23.47
28,Clementine,$16.33
29,Garbag Bags - Black,$57.28
30,Cake - Night And Day Choclate,$42.27
31,"Pasta - Lasagne, Fresh",$5.05
32,Bread - Multigrain,$53.84
33,Bread - Focaccia Quarter,$99.27
34,Veal - Kidney,$9.63
35,Pork - Side Ribs,$28.09
36,Southern Comfort,$25.21
37,Bulgar,$6.12
38,Wine - Vouvray Cuvee Domaine,$9.43
39,Sugar - Brown,$34.16
40,Muffin - Zero Transfat,$84.17
41,Pastry - Banana Muffin - Mini,$65.91
42,Goulash Seasoning,$20.89
43,Pastry - Carrot Muffin - Mini,$6.22
44,"Lemonade - Natural, 591 Ml",$91.92
45,Clams - Bay,$95.62
46,Sesame Seed Black,$63.43
47,Tea - Honey Green Tea,$75.77
48,Wine - Casillero Deldiablo,$51.97
49,Orange - Tangerine,$39.97
50,Samosa - Veg,$9.99
51,Water Chestnut - Canned,$46.03
52,Amarula Cream,$81.54
53,Wine - Piper Heidsieck Brut,$93.96
54,Mushroom Morel Fresh,$67.20
55,Cheese - Cheddarsliced,$60.47
56,Chips - Miss Vickies,$93.59
57,Gatorade - Orange,$69.41
58,Figs,$80.05
59,Chicken - Whole Fryers,$78.00
60,Table Cloth 54x72 Colour,$24.81
61,Spice - Pepper Portions,$99.40
62,Beans - Fava Fresh,$50.38
63,Sauce - Plum,$66.86
64,Island Oasis - Peach Daiquiri,$62.83
65,Pastry - French Mini Assorted,$97.45
66,Huck White Towels,$28.09
67,"Wine - Harrow Estates, Vidal",$92.15
68,Island Oasis - Banana Daiquiri,$50.47
69,Table Cloth 53x69 White,$31.44
70,Cheese - Swiss,$26.02
71,Bar Bran Honey Nut,$53.07
72,Capicola - Hot,$90.60
73,Uniform Linen Charge,$44.02
74,Chocolate - Mi - Amere Semi,$94.59
75,"Juice - Tomato, 10 Oz",$64.97
76,Longos - Lasagna Veg,$79.81
77,Cleaner - Lime Away,$42.03
78,"Sugar - Brown, Individual",$63.39
79,"Water - Spring Water, 355 Ml",$97.52
80,Frangelico,$19.50
81,Butter - Pod,$65.72
82,Sorrel - Fresh,$48.08
83,Chef Hat 25cm,$22.20
84,Foam Tray S2,$51.29
85,Bread - Corn Muffaletta,$78.32
86,Bowl 12 Oz - Showcase 92012,$79.79
87,Cheese - Wine,$81.20
88,"Pasta - Spaghetti, Dry",$37.93
89,Lettuce - Curly Endive,$86.84
90,Sobe - Berry Energy,$95.52
91,"Marjoram - Dried, Rubbed",$69.89
92,"Zucchini - Mini, Green",$32.39
93,Cognac - Courvaisier,$30.75
94,Gingerale - Diet - Schweppes,$75.77
95,Wine - White Cab Sauv.on,$91.67
96,Miso Paste White,$74.64
97,"Liqueur Banana, Ramazzotti",$84.32
98,Kellogs Cereal In A Cup,$48.49
99,Flavouring - Orange,$99.88
100,Straws - Cocktale,$21.96
101,Sterno - Chafing Dish Fuel,$57.06
102,Cup - 8oz Coffee Perforated,$55.08
103,Wine - Marlbourough Sauv Blanc,$89.83
104,Pancetta,$53.60
105,Wine - Barbera Alba Doc 2001,$95.15
106,Pepper - Red Thai,$45.14
107,Table Cloth 62x114 White,$46.43
108,Lentils - Green Le Puy,$71.29
109,Scampi Tail,$11.94
110,Wine - Prem Select Charddonany,$52.65
111,Soup Campbells Split Pea And Ham,$7.84
112,"Radish - Black, Winter, Organic",$64.47
113,Venison - Liver,$40.13
114,Sausage - Andouille,$94.17
115,Wine - Merlot Vina Carmen,$58.31
116,Chocolate Bar - Smarties,$80.50
117,Ice Cream - Vanilla,$82.87
118,Island Oasis - Wildberry,$71.09
119,Chicken - Bones,$13.87
120,Vinegar - Balsamic,$85.65
121,Devonshire Cream,$48.11
122,"Beef - Baby, Liver",$35.37
123,French Pastry - Mini Chocolate,$17.49
124,Cake - Mini Cheesecake,$41.39
125,"Nut - Walnut, Pieces",$28.31
126,Pie Filling - Apple,$72.55
127,Wine - Pinot Noir Stoneleigh,$20.93
128,Cucumber - Pickling Ontario,$71.08
129,"Pasta - Elbows, Macaroni, Dry",$7.33
130,Beef - Bresaola,$66.92
131,"Schnappes - Peach, Walkers",$68.79
132,Lettuce - Boston Bib,$62.94
133,Cheese - Pont Couvert,$20.06
134,Mushroom - White Button,$59.15
135,Carbonated Water - Lemon Lime,$84.25
136,Trout Rainbow Whole,$73.44
137,Mustard - Dijon,$99.87
138,Mushroom - King Eryingii,$59.01
139,Beets - Pickled,$34.45
140,"Soup - Campbells, Classic Chix",$69.98
141,Couscous,$28.77
142,Jolt Cola - Electric Blue,$23.82
143,Ecolab - Mikroklene 4/4 L,$95.85
144,Rice - Basmati,$58.87
145,Wine - Chardonnay South,$53.18
146,Wine - Barolo Fontanafredda,$98.39
147,Creamers - 10%,$75.22
148,Tomato - Plum With Basil,$32.08
149,Chicken - Ground,$65.09
150,"Clams - Littleneck, Whole",$90.62
151,Pepper - Sorrano,$5.34
152,Lettuce - Green Leaf,$88.21
153,Crush - Cream Soda,$88.22
154,Mix - Cappucino Cocktail,$87.55
155,Pepper - Orange,$97.30
156,Remy Red Berry Infusion,$58.86
157,Truffle - Peelings,$21.26
158,Veal - Slab Bacon,$6.26
159,Beer - Blue Light,$48.75
160,Bar Nature Valley,$47.02
161,Passion Fruit,$83.49
162,Cod - Fillets,$88.79
163,Jameson - Irish Whiskey,$37.82
164,Buffalo - Striploin,$81.89
165,Milk - Chocolate 500ml,$48.25
166,Sobe - Cranberry Grapefruit,$17.23
167,Cabbage - Savoy,$96.88
168,"Quail - Eggs, Fresh",$15.81
169,Cheese - Fontina,$11.54
170,Wine - Maipo Valle Cabernet,$74.10
171,Veal - Striploin,$78.19
172,Cookie Chocolate Chip With,$67.08
173,Cheese - Gouda Smoked,$17.44
174,"Shrimp - 16/20, Peeled Deviened",$84.27
175,Brandy Cherry - Mcguinness,$14.10
176,Cream - 18%,$33.04
177,Beef - Top Sirloin,$90.82
178,Syrup - Monin - Granny Smith,$33.41
179,Butter - Salted,$10.90
180,Bread - Corn Muffaleta Onion,$10.83
181,"Beef - Cooked, Corned",$25.09
182,Onions - Vidalia,$69.64
183,Rosemary - Dry,$58.17
184,"Syrup - Monin, Amaretta",$65.96
185,Salmon Steak - Cohoe 8 Oz,$83.11
186,Beans - French,$15.84
187,Tea - Herbal Sweet Dreams,$36.32
188,Beer - Sleeman Fine Porter,$61.73
189,Cheese - Provolone,$61.27
190,Tumeric,$85.89
191,Gherkin,$36.46
192,"Lemonade - Natural, 591 Ml",$82.75
193,Foie Gras,$31.71
194,Brandy Apricot,$36.01
195,Everfresh Products,$43.55
196,"Beer - Alexander Kieths, Pale Ale",$56.98
197,Veal Inside - Provimi,$54.71
198,Pork - Smoked Kassler,$91.25
199,"Coke - Classic, 355 Ml",$6.11
200,Potatoes - Yukon Gold 5 Oz,$37.06
201,Versatainer Nc - 8288,$93.27
202,Beer - Blue,$52.51
203,Bread - Raisin Walnut Oval,$90.24
204,Spice - Chili Powder Mexican,$70.47
205,Flour Pastry Super Fine,$49.14
206,Pepper - Cubanelle,$6.38
207,Table Cloth 90x90 White,$97.41
208,Emulsifier,$6.60
209,Leeks - Large,$69.90
210,Basil - Thai,$17.40
211,Cake - Dulce De Leche,$34.81
212,Cheese - Cheddar With Claret,$15.05
213,Ginger - Pickled,$92.80
214,Bread - Flat Bread,$32.85
215,Mousse - Passion Fruit,$70.37
216,"Water - Mineral, Natural",$43.62
217,Ham - Cooked Italian,$78.90
218,Salt - Kosher,$45.22
219,Peppercorns - Pink,$46.05
220,Cheese - Cheddar With Claret,$97.84
221,Table Cloth 62x120 White,$9.35
222,"Gingerale - Schweppes, 355 Ml",$88.54
223,Wine - Casillero Deldiablo,$67.34
224,Soup - Campbells Broccoli,$69.81
225,Boogies,$56.87
226,Meldea Green Tea Liquor,$77.00
227,Sugar - Monocystal / Rock,$67.54
228,Ham - Virginia,$63.86
229,Asparagus - Mexican,$45.27
230,Pineapple - Regular,$90.70
231,Sauerkraut,$13.53
232,Long Island Ice Tea,$16.78
233,Quinoa,$66.72
234,Pork - Belly Fresh,$89.97
235,Ecolab - Hand Soap Form Antibac,$79.88
236,Beer - Labatt Blue,$80.76
237,"Lobster - Baby, Boiled",$99.65
238,Soup - Campbells Asian Noodle,$87.83
239,"Roe - Lump Fish, Red",$75.71
240,Glass Clear 7 Oz Xl,$77.80
241,Pork - Bones,$50.73
242,Kiwano,$51.03
243,Ice Cream Bar - Hageen Daz To,$28.18
244,"7up Diet, 355 Ml",$62.99
245,Worcestershire Sauce,$33.47
246,"Beef - Rib Roast, Cap On",$90.30
247,Basil - Fresh,$51.64
248,Pepper - Scotch Bonnet,$15.38
249,Cattail Hearts,$89.10
250,Honey - Liquid,$94.75
251,Curry Powder Madras,$69.60
252,Juice - Apple 284ml,$59.19
253,"Soda Water - Club Soda, 355 Ml",$65.21
254,Table Cloth 81x81 Colour,$23.65
255,"Sauce - Soya, Light",$48.23
256,Chocolate - Liqueur Cups With Foil,$77.25
257,Juice - Orange,$89.86
258,"Nut - Almond, Blanched, Sliced",$56.80
259,Macaroons - Two Bite Choc,$14.78
260,Propel Sport Drink,$7.45
261,Yeast Dry - Fleischman,$34.04
262,Wine - Dubouef Macon - Villages,$46.15
263,Ice Cream Bar - Hagen Daz,$20.52
264,"Soup - Campbells, Lentil",$53.06
265,Green Scrubbie Pad H.duty,$19.03
266,Sprouts - Bean,$61.28
267,Oil - Olive,$36.58
268,Blueberries - Frozen,$74.98
269,Sauce - Hollandaise,$49.16
270,Fruit Mix - Light,$72.95
271,Lid - 3oz Med Rec,$28.57
272,Quiche Assorted,$40.62
273,Table Cloth 54x54 Colour,$30.02
274,Eggplant Oriental,$67.96
275,Maintenance Removal Charge,$41.65
276,Juice - Apple 284ml,$70.27
277,Sobe - Green Tea,$55.92
278,Petit Baguette,$16.39
279,"Salmon - Atlantic, Fresh, Whole",$87.18
280,Juice - Cranberry 284ml,$57.09
281,Foam Espresso Cup Plain White,$7.15
282,Broom Handle,$12.37
283,"Oil - Olive, Extra Virgin",$55.89
284,Bagel - Whole White Sesame,$46.58
285,Spice - Montreal Steak Spice,$49.28
286,Nut - Pumpkin Seeds,$35.16
287,Vaccum Bag - 14x20,$66.79
288,Pepper - Red Bell,$90.87
289,"Cheese - Brie,danish",$78.05
290,Pomello,$34.96
291,"Mushroom - Chanterelle, Dry",$78.73
292,Wine - Bouchard La Vignee Pinot,$79.10
293,Cookie - Oreo 100x2,$51.60
294,"Beef - Chuck, Boneless",$29.75
295,Danishes - Mini Raspberry,$66.48
296,Plaintain,$29.38
297,Rolled Oats,$86.72
298,Ice Cream - Super Sandwich,$35.37
299,Crackers - Melba Toast,$97.41
300,Sunflower Seed Raw,$10.32
301,Sprouts - Peppercress,$10.70
302,Carbonated Water - Blackcherry,$52.03
303,"Wine - White, Cooking",$28.59
304,Flour Dark Rye,$55.44
305,Wine - Riesling Alsace Ac 2001,$59.92
306,Veal - Insides Provini,$35.20
307,"Wine - White, Riesling, Henry Of",$35.57
308,Tea - Decaf Lipton,$90.52
309,Rambutan,$99.45
310,Wine - Chardonnay Mondavi,$19.25
311,"Melon - Watermelon, Seedless",$34.43
312,"Onions - Dried, Chopped",$7.86
313,Dried Apple,$39.69
314,"Shrimp - 21/25, Peel And Deviened",$95.41
315,Clam Nectar,$35.40
316,Lettuce - Green Leaf,$20.94
317,"Soup - Campbells, Lentil",$24.36
318,"Beans - Black Bean, Dry",$46.72
319,Lettuce - Iceberg,$28.85
320,"Sparkling Wine - Rose, Freixenet",$97.22
321,Yoplait - Strawbrasp Peac,$38.73
322,Island Oasis - Peach Daiquiri,$55.40
323,Soup - Campbellschix Stew,$97.92
324,Wine - Placido Pinot Grigo,$90.99
325,Eel Fresh,$25.81
326,"Pasta - Gnocchi, Potato",$12.06
327,"Mushroom - Oyster, Fresh",$23.20
328,Sloe Gin - Mcguinness,$26.04
329,Snapple - Mango Maddness,$37.95
330,Cheese - Brick With Onion,$61.88
331,Food Colouring - Pink,$85.99
332,Scrubbie - Scotchbrite Hand Pad,$84.23
333,"Coffee - Colombian, Portioned",$77.80
334,"Pail - 4l White, With Handle",$21.16
335,Wine - Sake,$77.23
336,"Wine - Red, Gallo, Merlot",$95.61
337,Wine - Soave Folonari,$5.50
338,Gatorade - Lemon Lime,$87.92
339,Bread - Italian Roll With Herbs,$66.20
340,Wine - Saint Emilion Calvet,$46.91
341,"Wine - White, Cooking",$53.04
342,Wine - Pinot Noir Pond Haddock,$76.85
343,Grapes - Green,$94.10
344,Veal - Sweetbread,$12.96
345,Pastry - Apple Large,$34.61
346,Onions - Green,$30.91
347,Island Oasis - Ice Cream Mix,$42.07
348,Cornish Hen,$59.60
349,Island Oasis - Strawberry,$12.61
350,Shrimp - 150 - 250,$62.51
351,Jicama,$37.45
352,Beer - True North Strong Ale,$52.53
353,Pasta - Canelloni,$83.27
354,"Schnappes - Peach, Walkers",$33.07
355,Sauce - Soy Low Sodium - 3.87l,$96.79
356,"Turkey - Breast, Double",$11.78
357,Capicola - Hot,$85.04
358,Sultanas,$77.14
359,Dawn Professionl Pot And Pan,$31.17
360,Wine - Riesling Alsace Ac 2001,$78.50
361,"Tomatoes - Cherry, Yellow",$24.94
362,"Salmon - Atlantic, Fresh, Whole",$84.66
363,Buffalo - Tenderloin,$34.83
364,"Shrimp - 16/20, Iqf, Shell On",$67.06
365,Glaze - Apricot,$45.01
366,Sansho Powder,$46.48
367,Cheese - Wine,$84.12
368,Beef - Top Sirloin,$10.69
369,Pails With Lids,$33.41
370,"Chicken - Leg, Boneless",$19.15
371,Appetizer - Smoked Salmon / Dill,$70.88
372,"Mushroom - Trumpet, Dry",$29.05
373,Pastry - Lemon Danish - Mini,$91.16
374,Energy Drink - Franks Original,$36.05
375,Spice - Paprika,$90.18
376,Wine - Barolo Fontanafredda,$19.34
377,Truffle Cups Green,$76.64
378,Sauce - Vodka Blush,$13.61
379,"Chicken - Breast, 5 - 7 Oz",$45.59
380,Irish Cream - Baileys,$66.37
381,Dried Cranberries,$89.03
382,Juice - Happy Planet,$38.12
383,Chambord Royal,$44.26
384,Eggplant - Baby,$18.96
385,"Tart Shells - Savory, 2",$20.01
386,"Wine - Niagara,vqa Reisling",$70.12
387,Wine - Acient Coast Caberne,$56.93
388,Cookie - Dough Variety,$78.12
389,Beef Dry Aged Tenderloin Aaa,$80.06
390,Papayas,$26.47
391,Gatorade - Cool Blue Raspberry,$82.35
392,Watercress,$57.70
393,Sponge Cake Mix - Chocolate,$12.76
394,Sugar - Invert,$57.55
395,Sea Bass - Fillets,$28.23
396,Blueberries,$25.67
397,Octopus,$56.68
398,Shrimp - Black Tiger 13/15,$32.55
399,Mince Meat - Filling,$82.55
400,"Coconut - Shredded, Unsweet",$16.88
401,Cookie - Dough Variety,$84.42
402,Foil Wrap,$66.66
403,"Pineapple - Canned, Rings",$94.63
404,Calaloo,$37.92
405,Cup - Paper 10oz 92959,$38.37
406,Beer - Molson Excel,$99.11
407,Straw - Regular,$47.21
408,Chef Hat 20cm,$27.71
409,Fennel,$90.01
410,Coffee - Dark Roast,$86.36
411,Veal - Provimi Inside,$62.23
412,Soup Campbells,$99.88
413,Flower - Commercial Bronze,$56.99
414,Cheese - Le Cheve Noir,$32.76
415,Container Clear 8 Oz,$5.96
416,"Water - Spring Water, 355 Ml",$79.62
417,"Pasta - Fettuccine, Egg, Fresh",$5.53
418,Island Oasis - Peach Daiquiri,$37.78
419,Bread Base - Goodhearth,$26.35
420,Tea - Grapefruit Green Tea,$92.93
421,Bread - Assorted Rolls,$93.10
422,Ostrich - Fan Fillet,$19.74
423,"Radish - Black, Winter, Organic",$74.55
424,Cheese - Oka,$25.19
425,Longos - Burritos,$52.08
426,Water - Green Tea Refresher,$69.13
427,Macaroons - Homestyle Two Bit,$82.18
428,Breakfast Quesadillas,$41.68
429,Pastry - Butterscotch Baked,$19.54
430,Wine - Puligny Montrachet A.,$53.33
431,Cumin - Ground,$70.93
432,Chinese Foods - Cantonese,$6.63
433,"Wine - Red, Mouton Cadet",$71.03
434,Bacardi Limon,$35.90
435,Wine - White Cab Sauv.on,$51.45
436,Butter - Pod,$78.95
437,Bread Base - Goodhearth,$59.89
438,"Beef - Outside, Round",$85.60
439,Soup Campbells Beef With Veg,$27.09
440,Spice - Greek 1 Step,$33.87
441,"Wine - Magnotta - Red, Baco",$75.44
442,Green Scrubbie Pad H.duty,$28.94
443,Beets - Pickled,$34.01
444,General Purpose Trigger,$32.20
445,Red Currants,$49.83
446,Eggs - Extra Large,$99.17
447,Garbage Bag - Clear,$14.41
448,Water - Evian 355 Ml,$42.62
449,Carbonated Water - Cherry,$77.67
450,Gatorade - Orange,$25.74
451,Beer - Upper Canada Light,$20.97
452,Scampi Tail,$72.87
453,Pork - Bacon Cooked Slcd,$33.47
454,Energy Drink Bawls,$20.50
455,Sugar Thermometer,$36.06
456,Soup - Campbells Beef Stew,$20.46
457,Ecolab Digiclean Mild Fm,$89.18
458,Kellogs Special K Cereal,$97.03
459,"Pepper - White, Ground",$57.87
460,Juice - Propel Sport,$72.90
461,"Beef - Outside, Round",$82.78
462,Cheese - Valancey,$69.88
463,"Pasta - Fusili, Dry",$98.32
464,Monkfish Fresh - Skin Off,$38.53
465,Cake - Box Window 10x10x2.5,$68.08
466,Bread - Mini Hamburger Bun,$56.77
467,Island Oasis - Sweet And Sour Mix,$72.93
468,Pear - Packum,$75.91
469,Wine - Sicilia Igt Nero Avola,$27.67
470,Turnip - White,$49.87
471,Flower - Daisies,$98.07
472,"Cheese - Mozzarella, Buffalo",$36.83
473,Cumin - Whole,$93.15
474,"Cheese - Woolwich Goat, Log",$72.61
475,Lid Coffee Cup 8oz Blk,$44.70
476,Lemon Tarts,$69.39
477,Jam - Apricot,$84.52
478,Mint - Fresh,$79.60
479,Wine - Chablis J Moreau Et Fils,$80.77
480,Artichokes - Jerusalem,$85.21
481,Salt - Sea,$53.48
482,Tea - Herbal Orange Spice,$69.37
483,Oxtail - Cut,$27.03
484,Swiss Chard,$55.62
485,"Beans - Kidney, Canned",$31.61
486,Cookie Dough - Oatmeal Rasin,$49.27
487,Venison - Striploin,$61.00
488,"Pasta - Cannelloni, Sheets, Fresh",$65.15
489,Dehydrated Kelp Kombo,$68.80
490,"Oranges - Navel, 72",$82.66
491,Juice - Ocean Spray Cranberry,$53.47
492,Veal - Bones,$35.84
493,Shrimp - Black Tiger 16/20,$64.26
494,Yucca,$5.59
495,Tequila - Sauza Silver,$16.92
496,Salt And Pepper Mix - White,$30.33
497,Vodka - Smirnoff,$87.04
498,Cookie Dough - Chocolate Chip,$17.49
499,Plastic Arrow Stir Stick,$83.44
500,Wine - Rioja Campo Viejo,$90.85
501,Beef Tenderloin Aaa,$19.40
502,"Tray - Foam, Square 4 - S",$87.19
503,"Tart Shells - Savory, 2",$95.50
504,Emulsifier,$13.94
505,"Wine - Red, Cabernet Merlot",$71.14
506,Eggwhite Frozen,$52.15
507,Squid - U 5,$89.29
508,Silicone Parch. 16.3x24.3,$27.83
509,Sprouts - Bean,$27.82
510,"Chicken - Leg, Fresh",$78.73
511,Quiche Assorted,$96.74
512,Pepper - Chili Powder,$17.40
513,Wine - Maipo Valle Cabernet,$82.84
514,Chips Potato All Dressed - 43g,$38.76
515,Wine - Gato Negro Cabernet,$33.50
516,Yeast Dry - Fleischman,$89.78
517,"Juice - Clam, 46 Oz",$57.13
518,V8 Pet,$26.62
519,"Rice Pilaf, Dry,package",$49.94
520,Beer - Sleemans Cream Ale,$65.17
521,Chicken - Whole Roasting,$21.41
522,Arizona - Plum Green Tea,$94.90
523,Glaze - Apricot,$67.14
524,Flour Pastry Super Fine,$91.80
525,Snapple - Iced Tea Peach,$58.12
526,Juice - Apple 284ml,$63.19
527,"Sauce - Bernaise, Mix",$76.44
528,"Fish - Atlantic Salmon, Cold",$9.74
529,Ham - Cooked Italian,$36.06
530,Appetizer - Assorted Box,$10.17
531,Water - Green Tea Refresher,$15.97
532,Longos - Assorted Sandwich,$97.11
533,Tea - Herbal Sweet Dreams,$43.56
534,"Water, Tap",$22.00
535,Foam Cup 6 Oz,$20.44
536,Pasta - Cheese / Spinach Bauletti,$63.24
537,Tamarind Paste,$18.63
538,Coriander - Ground,$69.42
539,Spice - Paprika,$28.09
540,"Pasta - Shells, Medium, Dry",$44.22
541,Cheese - Goat,$88.09
542,"Pepper - Red, Finger Hot",$40.61
543,Allspice - Jamaican,$44.90
544,Wine - Chianti Classica Docg,$52.45
545,Cake - Box Window 10x10x2.5,$12.04
546,Scallops - 10/20,$95.70
547,Fruit Salad Deluxe,$16.83
548,Mountain Dew,$74.28
549,Onions - Cippolini,$91.35
550,Oil - Macadamia,$32.72
551,Cake - Cake Sheet Macaroon,$20.95
552,Egg - Salad Premix,$76.55
553,"Sparkling Wine - Rose, Freixenet",$53.84
554,"Lemonade - Mandarin, 591 Ml",$75.71
555,Cake - French Pear Tart,$53.40
556,Bread Crumbs - Panko,$64.29
557,Salt - Sea,$61.27
558,Tilapia - Fillets,$52.98
559,Paste - Black Olive,$35.84
560,Cookie Trail Mix,$50.97
561,"Lemonade - Strawberry, 591 Ml",$72.75
562,Broom Handle,$25.94
563,Sauce Bbq Smokey,$93.74
564,Cheese - Roquefort Pappillon,$16.60
565,"Cheese - Boursin, Garlic / Herbs",$37.78
566,Pectin,$11.46
567,Cheese - Cheddar With Claret,$55.86
568,Soupcontfoam16oz 116con,$53.50
569,Pork - Backs - Boneless,$22.18
570,Blackberries,$72.13
571,Evaporated Milk - Skim,$55.45
572,Chicken Breast Halal,$86.01
573,Spinach - Packaged,$68.32
574,Vector Energy Bar,$41.01
575,Wild Boar - Tenderloin,$36.35
576,Mace,$10.01
577,Lid - 16 Oz And 32 Oz,$40.52
578,Guinea Fowl,$25.94
579,"Juice - Grapefruit, 341 Ml",$5.44
580,Spice - Peppercorn Melange,$13.57
581,"Soup - Campbells, Spinach Crm",$95.51
582,Mustard - Individual Pkg,$30.23
583,Pork - Shoulder,$5.86
584,Clam Nectar,$20.79
585,Pear - Asian,$40.89
586,"Pail - 4l White, With Handle",$29.57
587,Syrup - Chocolate,$12.46
588,Sprouts - Corn,$28.72
589,Wine - Barossa Valley Estate,$37.55
590,Muffin - Banana Nut Individual,$48.98
591,Sloe Gin - Mcguinness,$81.73
592,"Doilies - 8, Paper",$19.16
593,Wine - Coteaux Du Tricastin Ac,$67.42
594,Tea - Honey Green Tea,$90.51
595,Chocolate Bar - Reese Pieces,$24.59
596,Veal - Inside,$40.91
597,Sauerkraut,$91.72
598,Mushroom - Morel Frozen,$38.75
599,Soup - Boston Clam Chowder,$64.31
600,Wine - Soave Folonari,$90.77
601,Cloves - Whole,$74.95
602,Cheese - Perron Cheddar,$70.93
603,Sour Cream,$43.12
604,Nantucket - 518ml,$98.11
605,Shrimp - Black Tiger 13/15,$80.05
606,"Lamb - Loin, Trimmed, Boneless",$77.78
607,Yeast Dry - Fleischman,$72.12
608,"Wine - White, Schroder And Schyl",$91.88
609,Veal - Nuckle,$55.48
610,"Cheese - Mozzarella, Shredded",$86.84
611,Lid - 16 Oz And 32 Oz,$87.27
612,Pur Value,$15.88
613,Beef Flat Iron Steak,$64.66
614,Vinegar - Balsamic,$47.39
615,"Chicken - Wings, Tip Off",$62.30
616,Wine - Pinot Grigio Collavini,$5.64
617,"Fish - Halibut, Cold Smoked",$24.58
618,"Soup - Clam Chowder, Dry Mix",$88.97
619,Coriander - Seed,$62.56
620,Huck Towels White,$73.46
621,"Juice - Orange, Concentrate",$78.59
622,"Olives - Black, Pitted",$57.43
623,Pecan Raisin - Tarts,$7.85
624,Chocolate - Dark Callets,$14.20
625,Beer - Mill St Organic,$11.87
626,Cardamon Ground,$89.04
627,Wine - Pinot Noir Pond Haddock,$40.12
628,Eggroll,$32.23
629,Potatoes - Peeled,$92.69
630,Curry Powder Madras,$5.05
631,Steel Wool S.o.s,$38.86
632,Bread - Dark Rye,$83.21
633,Pastry - Mini French Pastries,$81.15
634,Lettuce - Lambs Mash,$82.44
635,Fiddlehead - Frozen,$71.37
636,Venison - Ground,$65.61
637,Lamb - Whole Head Off,$72.30
638,"Pasta - Penne, Rigate, Dry",$23.03
639,Munchies Honey Sweet Trail Mix,$57.33
640,Chocolate - Chips Compound,$91.20
641,Wheat - Soft Kernal Of Wheat,$65.70
642,Napkin White,$62.45
643,Soup Campbells Beef With Veg,$10.16
644,"Jam - Marmalade, Orange",$28.29
645,Gatorade - Fruit Punch,$12.71
646,"Wine - White, Riesling, Henry Of",$32.00
647,Soup - Campbells Chicken,$46.34
648,V8 - Berry Blend,$9.07
649,Chevril,$24.53
650,"Radish - Black, Winter, Organic",$33.72
651,"Crab - Back Fin Meat, Canned",$29.94
652,Tobasco Sauce,$43.00
653,Wine - Sauvignon Blanc Oyster,$34.22
654,Cake - Cheese Cake 9 Inch,$47.95
655,Bread - Olive,$33.66
656,Pork Loin Bine - In Frenched,$44.71
657,Energy Drink - Redbull 355ml,$19.94
658,Horseradish Root,$38.44
659,Gatorade - Cool Blue Raspberry,$28.30
660,"Wine - Magnotta, Merlot Sr Vqa",$23.95
661,Pastry - Banana Muffin - Mini,$38.89
662,Wine - Soave Folonari,$5.50
663,Juice - Happy Planet,$29.92
664,Tea - Decaf 1 Cup,$7.61
665,Orange Roughy 4/6 Oz,$13.35
666,"Wine - White, Colubia Cresh",$83.66
667,"Pepper - Black, Whole",$10.62
668,Temperature Recording Station,$34.98
669,"Pasta - Cannelloni, Sheets, Fresh",$85.67
670,Sauce - Demi Glace,$88.24
671,Wine - Red Oakridge Merlot,$31.24
672,Pork - Hock And Feet Attached,$11.65
673,Beef - Shank,$78.15
674,Potatoes - Idaho 100 Count,$37.88
675,Bar Energy Chocchip,$17.42
676,"Fish - Artic Char, Cold Smoked",$18.46
677,Sprouts - Peppercress,$96.89
678,Mushroom - Portebello,$91.16
679,Nutmeg - Ground,$7.17
680,Wine - Fontanafredda Barolo,$55.57
681,Kellogs Special K Cereal,$87.03
682,Beans - Butter Lrg Lima,$20.74
683,"Gingerale - Schweppes, 355 Ml",$26.48
684,"Tomatoes - Plum, Canned",$45.61
685,Cucumber - Pickling Ontario,$55.78
686,Bread Base - Goodhearth,$23.35
687,Chocolate Bar - Oh Henry,$51.84
688,Lotus Leaves,$9.43
689,"Split Peas - Yellow, Dry",$14.93
690,Wine La Vielle Ferme Cote Du,$63.27
691,Country Roll,$87.79
692,Wine - Port Late Bottled Vintage,$56.87
693,Sauce - Hollandaise,$86.86
694,Rabbit - Saddles,$57.50
695,"Beef - Tongue, Cooked",$28.91
696,Duck - Legs,$5.61
697,Nut - Macadamia,$46.35
698,Munchies Honey Sweet Trail Mix,$39.32
699,"Nut - Peanut, Roasted",$55.65
700,Tuna - Yellowfin,$23.83
701,Carbonated Water - Lemon Lime,$59.29
702,Tomatoes - Roma,$58.88
703,Five Alive Citrus,$56.05
704,Magnotta - Bel Paese White,$19.76
705,Nestea - Iced Tea,$62.38
706,Wine - Cava Aria Estate Brut,$92.21
707,Wasabi Paste,$82.98
708,Sauce - Sesame Thai Dressing,$7.18
709,Veal - Striploin,$83.44
710,Daikon Radish,$81.29
711,Mackerel Whole Fresh,$35.71
712,Shrimp - 100 / 200 Cold Water,$76.28
713,Potato - Sweet,$85.75
714,Spinach - Packaged,$62.43
715,Pasta - Agnolotti - Butternut,$38.94
716,Wine - Barossa Valley Estate,$46.38
717,Sprouts - Bean,$62.51
718,Bagelers,$22.69
719,Muffin Mix - Lemon Cranberry,$5.03
720,Loquat,$21.81
721,Gooseberry,$27.46
722,Wine - Riesling Dr. Pauly,$55.58
723,Raisin - Golden,$90.96
724,Beef - Tenderloin Tails,$96.06
725,"Bread - Pita, Mini",$81.40
726,Table Cloth 91x91 Colour,$29.64
727,Macaroons - Homestyle Two Bit,$46.79
728,Cumin - Ground,$20.03
729,Dc - Frozen Momji,$52.32
730,Pate - Liver,$19.60
731,Wine - Rhine Riesling Wolf Blass,$22.91
732,Coffee - French Vanilla Frothy,$88.41
733,Bowl 12 Oz - Showcase 92012,$89.48
734,Cheese - Sheep Milk,$87.89
735,Pastry - Carrot Muffin - Mini,$10.58
736,Coffee Cup 16oz Foam,$64.52
737,Beef - Short Ribs,$96.49
738,"Beans - Black Bean, Canned",$49.18
739,Corn Kernels - Frozen,$30.06
740,Wine - Chateau Timberlay,$62.93
741,"Beans - Black Bean, Preserved",$83.36
742,Sauce - Alfredo,$22.80
743,Pectin,$82.53
744,Pork - Smoked Back Bacon,$35.49
745,Mayonnaise,$73.20
746,"Soup - Campbells, Classic Chix",$61.41
747,V8 Pet,$38.07
748,"Turkey - Breast, Boneless Sk On",$61.89
749,Liquid Aminios Acid - Braggs,$13.66
750,Corn - Mini,$22.34
751,Cabbage Roll,$33.97
752,Yukon Jack,$10.66
753,Pork - Caul Fat,$32.42
754,Emulsifier,$33.51
755,Beans - Soya Bean,$84.19
756,Sachet,$36.77
757,Bread - Italian Corn Meal Poly,$67.35
758,Croissants Thaw And Serve,$20.38
759,"Wine - Red, Lurton Merlot De",$58.04
760,"Pork - Tenderloin, Fresh",$62.23
761,Rabbit - Frozen,$59.66
762,Cookies Cereal Nut,$52.49
763,Energy Drink - Franks Pineapple,$58.73
764,Halibut - Steaks,$70.89
765,Butter Ripple - Phillips,$81.74
766,"Salmon - Atlantic, Fresh, Whole",$69.23
767,Browning Caramel Glace,$41.68
768,Vaccum Bag 10x13,$33.18
769,Ginger - Pickled,$67.79
770,Carbonated Water - Strawberry,$14.53
771,Shrimp - Tiger 21/25,$48.66
772,"Noodles - Cellophane, Thin",$29.22
773,Pork Casing,$40.34
774,Relish,$17.31
775,Remy Red Berry Infusion,$11.42
776,Salmon Steak - Cohoe 8 Oz,$76.81
777,Jack Daniels,$88.66
778,Potato - Sweet,$62.22
779,Truffle Cups - White Paper,$63.84
780,Wine - Magnotta - Pinot Gris Sr,$31.45
781,Apples - Sliced / Wedge,$50.68
782,Sprouts - Bean,$19.74
783,Island Oasis - Pina Colada,$53.37
784,Anchovy In Oil,$28.91
785,Bread - Petit Baguette,$22.63
786,Lettuce - California Mix,$54.90
787,Jolt Cola - Electric Blue,$35.47
788,Icecream - Dstk Super Cone,$50.61
789,Tomatoes - Roma,$67.71
790,Turnip - Wax,$66.54
791,Gherkin - Sour,$32.66
792,Sansho Powder,$75.43
793,Beer - Tetleys,$55.98
794,Chinese Foods - Plain Fried Rice,$86.37
795,Peppercorns - Green,$15.84
796,Muffin - Carrot Individual Wrap,$37.02
797,Tomatoes - Grape,$76.81
798,Tea - Lemon Green Tea,$55.55
799,Cranberries - Dry,$92.35
800,Sherbet - Raspberry,$6.26
801,Pear - Halves,$66.72
802,Guava,$71.22
803,Oxtail - Cut,$83.98
804,"Wine - White, Mosel Gold",$76.47
805,"Bread - Crumbs, Bulk",$71.26
806,Sword Pick Asst,$99.71
807,Kellogs Raisan Bran Bars,$19.67
808,Ecolab Silver Fusion,$11.15
809,Sauce - Hoisin,$8.47
810,Parsley Italian - Fresh,$59.26
811,Beer - Camerons Cream Ale,$46.47
812,Cotton Wet Mop 16 Oz,$49.57
813,Vinegar - Champagne,$36.77
814,"Soup - Knorr, Chicken Gumbo",$63.25
815,"Bread - Roll, Whole Wheat",$30.47
816,Foil Wrap,$46.95
817,Bread - Pita,$48.04
818,Bread - 10 Grain Parisian,$90.50
819,Lid Coffee Cup 8oz Blk,$38.10
820,Vanilla Beans,$11.16
821,Coffee - Almond Amaretto,$45.29
822,"Tomatoes - Vine Ripe, Yellow",$32.64
823,Wiberg Super Cure,$8.96
824,Napkin - Beverage 1 Ply,$55.65
825,"Bread - Dark Rye, Loaf",$58.74
826,"Syrup - Golden, Lyles",$6.01
827,Beef - Tender Tips,$7.12
828,Bread - White Mini Epi,$33.94
829,Crab - Meat Combo,$51.77
830,Onion - Dried,$45.16
831,Coffee - Decafenated,$13.19
832,Dome Lid Clear P92008h,$41.76
833,"Pepper - Black, Crushed",$10.89
834,Cheese - Colby,$91.94
835,Sausage - Andouille,$13.96
836,"Bread - White, Unsliced",$94.50
837,Wine - Prosecco Valdobienne,$77.11
838,Cabbage - Green,$82.15
839,Dry Ice,$39.67
840,Bacardi Mojito,$60.90
841,"Lettuce - Mini Greens, Whole",$44.63
842,Pumpkin - Seed,$74.22
843,Muffin Mix - Lemon Cranberry,$77.80
844,Coriander - Ground,$81.53
845,"Pork - Butt, Boneless",$50.14
846,"Mushroom - Oyster, Fresh",$43.24
847,"Soup - Knorr, French Onion",$57.51
848,Snapple - Mango Maddness,$15.79
849,Pepper - Roasted Red,$96.26
850,"Stock - Veal, Brown",$56.07
851,Danishes - Mini Cheese,$32.22
852,Wine - Charddonnay Errazuriz,$26.45
853,Mayonnaise - Individual Pkg,$6.16
854,"Chilli Paste, Sambal Oelek",$55.52
855,Soup - Campbells,$21.52
856,Wine - Maipo Valle Cabernet,$70.04
857,"Star Anise, Whole",$25.86
858,"Pasta - Lasagna, Dry",$70.57
859,Green Scrubbie Pad H.duty,$78.64
860,Veal - Leg,$77.41
861,"Soup - Cream Of Broccoli, Dry",$56.30
862,Squash - Pepper,$47.44
863,Potatoes - Fingerling 4 Oz,$9.67
864,"Asparagus - White, Fresh",$64.45
865,Nectarines,$91.18
866,Sugar - Splenda Sweetener,$46.97
867,Sauce - Roasted Red Pepper,$61.44
868,Tequila - Sauza Silver,$83.37
869,"Beef - Rouladin, Sliced",$33.70
870,Mints - Striped Red,$99.66
871,"Crab - Dungeness, Whole, live",$19.59
872,Ecolab - Lime - A - Way 4/4 L,$52.65
873,Cheese - Bakers Cream Cheese,$52.57
874,Bread - Raisin,$85.55
875,Pastry - Cheese Baked Scones,$10.86
876,"Tabasco Sauce, 2 Oz",$28.24
877,Tuna - Yellowfin,$90.15
878,"Nut - Hazelnut, Whole",$67.76
879,Cookie Double Choco,$60.36
880,"Wine - Bourgogne 2002, La",$9.98
881,Ice Cream - Chocolate,$94.68
882,"Pepper - Green, Chili",$24.37
883,Wine - Periguita Fonseca,$54.82
884,Guinea Fowl,$77.90
885,Goulash Seasoning,$9.29
886,Cassis,$41.32
887,Temperature Recording Station,$55.60
888,Instant Coffee,$71.96
889,Veal - Osso Bucco,$23.29
890,"Beans - Kidney, Red Dry",$13.29
891,Bar Special K,$22.21
892,Apron,$7.12
893,Soup - Base Broth Beef,$57.40
894,Cleaner - Pine Sol,$12.96
895,Nantucket - Carrot Orange,$68.47
896,Shrimp - Black Tiger 16/20,$72.24
897,Wine - Dubouef Macon - Villages,$34.20
898,Water - Green Tea Refresher,$82.08
899,Longos - Grilled Salmon With Bbq,$41.44
900,"Tuna - Canned, Flaked, Light",$38.97
901,Godiva White Chocolate,$54.21
902,Flavouring - Rum,$12.43
903,Pie Filling - Pumpkin,$40.93
904,Potatoes - Pei 10 Oz,$56.28
905,Chocolate - White,$96.23
906,Cheese - Swiss,$60.64
907,Beans - Soya Bean,$88.24
908,Bread - English Muffin,$96.68
909,Beef Wellington,$25.11
910,Ice Cream Bar - Oreo Sandwich,$57.09
911,"Pasta - Tortellini, Fresh",$39.07
912,Hinge W Undercut,$16.47
913,Tarts Assorted,$38.56
914,Butter Sweet,$35.90
915,Beef - Sushi Flat Iron Steak,$37.24
916,"Beets - Candy Cane, Organic",$8.09
917,Glycerine,$75.09
918,Water - San Pellegrino,$77.91
919,"Beans - Fava, Canned",$64.55
920,Cake - Lemon Chiffon,$58.33
921,Apple - Macintosh,$56.19
922,Cheese - Bocconcini,$38.05
923,"Nut - Pistachio, Shelled",$15.86
924,Oil - Cooking Spray,$8.43
925,Bacardi Mojito,$88.56
926,Melon - Cantaloupe,$95.71
927,Lettuce - Arugula,$93.21
928,Bread Foccacia Whole,$71.92
929,"Rice Pilaf, Dry,package",$10.49
930,Wine - Periguita Fonseca,$51.41
931,Couscous,$9.78
932,Table Cloth 91x91 Colour,$62.35
933,Beer - Labatt Blue,$63.81
934,Flavouring Vanilla Artificial,$13.19
935,Beans - Soya Bean,$10.36
936,Butter Ripple - Phillips,$99.86
937,"Octopus - Baby, Cleaned",$70.01
938,Bread Bowl Plain,$70.73
939,Bar - Sweet And Salty Chocolate,$82.18
940,Flavouring - Raspberry,$47.14
941,Mix - Cappucino Cocktail,$8.15
942,Bacon Strip Precooked,$7.99
943,Cheese - Swiss,$62.76
944,Pineapple - Golden,$17.88
945,Anchovy In Oil,$50.59
946,Juice - Prune,$56.11
947,Caviar - Salmon,$23.13
948,Aspic - Light,$72.76
949,"Wine - Red, Wolf Blass, Yellow",$23.52
950,"Wine - White, Chardonnay",$83.10
951,Red Pepper Paste,$16.96
952,"Chicken - Diced, Cooked",$11.45
953,Food Colouring - Blue,$44.92
954,Table Cloth 91x91 Colour,$97.25
955,Ecolab - Mikroklene 4/4 L,$21.07
956,Wine - Puligny Montrachet A.,$25.08
957,Seabream Whole Farmed,$67.02
958,Oranges,$57.01
959,Smoked Paprika,$43.10
960,Chevere Logs,$67.63
961,Vodka - Moskovskaya,$33.81
962,Pear - Prickly,$69.42
963,Pan Grease,$97.84
964,The Pop Shoppe - Grape,$45.51
965,Rabbit - Saddles,$48.05
966,Oven Mitts 17 Inch,$56.46
967,Chutney Sauce - Mango,$16.18
968,Pasta - Orecchiette,$96.10
969,Chinese Foods - Thick Noodles,$20.50
970,Tumeric,$66.20
971,Wine - Spumante Bambino White,$75.78
972,"Beans - Long, Chinese",$43.32
973,Sole - Iqf,$21.66
974,"Wine - Red, Antinori Santa",$76.43
975,Cherries - Fresh,$44.17
976,"Beef - Cooked, Corned",$97.01
977,Beets - Pickled,$56.93
978,Transfer Sheets,$44.61
979,Kiwi Gold Zespri,$15.50
980,"Bread - Rolls, Corn",$11.59
981,"Pork - Tenderloin, Frozen",$71.41
982,Parsnip,$96.23
983,"Cheese - Brie,danish",$50.79
984,"Corn - Cream, Canned",$63.84
985,Muffin Hinge Container 6,$53.08
986,Sprouts - Bean,$6.52
987,"Mustard - Dry, Powder",$72.29
988,Coffee Beans - Chocolate,$12.94
989,"Lemonade - Strawberry, 591 Ml",$74.11
990,Muffin - Mix - Bran And Maple 15l,$5.45
991,Pork - Backfat,$40.13
992,"Halibut - Whole, Fresh",$17.92
993,Soup - Campbells Beef Strogonoff,$83.23
994,Wine - Conde De Valdemar,$57.37
995,Squid - Tubes / Tenticles 10/20,$95.96
996,Grouper - Fresh,$24.79
997,Beef - Flank Steak,$7.33
998,Sprouts - Alfalfa,$78.23
999,Plastic Wrap,$36.04
1000,Orange - Tangerine,$59.26
